-- MySQL dump 10.13  Distrib 5.6.23
--
-- Host: localhost    Database: ayo_posyandu
-- ------------------------------------------------------
-- Server version	5.5.44-0ubuntu0.14.04.1-log

/*!40101 SET @OLD_CHARACTER_SET_CLIENT=@@CHARACTER_SET_CLIENT */;
/*!40101 SET @OLD_CHARACTER_SET_RESULTS=@@CHARACTER_SET_RESULTS */;
/*!40101 SET @OLD_COLLATION_CONNECTION=@@COLLATION_CONNECTION */;
/*!40101 SET NAMES utf8 */;
/*!40103 SET @OLD_TIME_ZONE=@@TIME_ZONE */;
/*!40103 SET TIME_ZONE='+00:00' */;
/*!40014 SET @OLD_UNIQUE_CHECKS=@@UNIQUE_CHECKS, UNIQUE_CHECKS=0 */;
/*!40014 SET @OLD_FOREIGN_KEY_CHECKS=@@FOREIGN_KEY_CHECKS, FOREIGN_KEY_CHECKS=0 */;
/*!40101 SET @OLD_SQL_MODE=@@SQL_MODE, SQL_MODE='NO_AUTO_VALUE_ON_ZERO' */;
/*!40111 SET @OLD_SQL_NOTES=@@SQL_NOTES, SQL_NOTES=0 */;

--
-- Table structure for table `bayi`
--

DROP TABLE IF EXISTS `bayi`;
/*!40101 SET @saved_cs_client     = @@character_set_client */;
/*!40101 SET character_set_client = utf8 */;
CREATE TABLE `bayi` (
  `id_bayi` int(6) NOT NULL AUTO_INCREMENT,
  `nama_bayi` varchar(50) NOT NULL,
  `tanggal_lahir` date NOT NULL,
  `jenis_kelamin` varchar(45) NOT NULL,
  `nama_ibu` varchar(50) NOT NULL,
  `nama_ayah` varchar(50) NOT NULL,
  `alamat_bayi` varchar(100) NOT NULL,
  `id_posyandu` int(6) NOT NULL,
  PRIMARY KEY (`id_bayi`),
  KEY `id_posyandu_idx` (`id_posyandu`),
  CONSTRAINT `id_posyandu` FOREIGN KEY (`id_posyandu`) REFERENCES `posyandu` (`id_posyandu`) ON DELETE NO ACTION ON UPDATE NO ACTION
) ENGINE=InnoDB AUTO_INCREMENT=245 DEFAULT CHARSET=latin1;
/*!40101 SET character_set_client = @saved_cs_client */;

--
-- Dumping data for table `bayi`
--

LOCK TABLES `bayi` WRITE;
/*!40000 ALTER TABLE `bayi` DISABLE KEYS */;
INSERT INTO `bayi` VALUES (31,'Yanti Madjid','2015-04-10','Perempuan','Cahaya Rasidin','Andi Madjid','Jl.Teporumba No.12',1),(33,'Eky Riskayanti','2015-03-09','Perempuan','Darmayanti','Taufik Ahmad','Jl.Teporumba Gang Kemuning',1),(34,'Hasyim Napitupulu','2015-03-09','Perempuan','Emria Simatupang','Andi Napitupulu ','Jl.Teporumba Gang Kemuning No.2',1),(35,'Daniel Damanil','2015-06-28','Laki-laki','Kharisma P','Damanil Bondang','Jl.Teporumba No.24',1),(36,'Asriani','2015-08-19','Perempuan','Andi Heriani','Nurdin','Jl.Teporumba Gang Seroja No.13',1),(37,'Mardawiah','2015-05-12','Perempuan','Sumarni Setyani','Adin Asep','Jl.Teporumba No.16',1),(38,'Iqi Herselo','2015-02-11','Laki-laki','Muslimah Mahmud','Dody A.M','Jl.Teporumba Gang Seroja No.41',1),(39,'Lidia Nazirah','2015-01-05','Perempuan','Zaenab','Andi Nazirah','Jl.Teporumba Gang Seroja ',1),(40,'Dahlia Ansar','2015-07-01','Perempuan','Febriani R.','Ansar Dg.Gulli','Jl.Teporumba Gang Kemuning No.22',1),(41,'Abd. Malik','2015-07-26','Laki-laki','Riniyanti','Rustam','Jl.Teporumba No.57e',1),(42,'Mulyana Fadli','2015-03-04','Laki-laki','Rukaena ','M.Fadli','Jl.Prof.M.Yamin No.28',3),(43,'Widianingsih','2015-01-10','Perempuan','Hariati Muslim','Saharuddin','Jl.Prof.M.Yamin No.19',3),(44,'Sitti Madianah','2015-12-08','Perempuan','Susi Nuryanti','Sukirman Aziz','Jl.Prof.M.Yamin',3),(45,'Wahyu Hidayat','2015-05-03','Laki-laki','Hardiah','Ismail B.','Jl.Prof.M.Yamin No.168',3),(46,'Firli Safitri Rahman','2015-04-29','Perempuan','Ruhani','Abdul Rahman','Jl.Prof.M.Yamin No.58',3),(47,'Meddy ','2015-01-19','Perempuan','Sitti Afridah','Hasrianto','Jl.Prof.M.Yamin',3),(48,'Dedi Saputra','2015-02-10','Laki-laki','Susanti','Sabe Sampu','Jl.Prof.M.Yamin No.36',3),(49,'Intan Septianingsih','2015-08-05','Perempuan','Ati Harniawa','Hidayat','Jl.Prof.M.Yamin No.128',3),(50,'Resi Maryanti Ismail','2015-06-24','Perempuan','Hasniatin','Ruslin Ismail','Jl.Lalonggida Gang.Meluhu No.16',7),(51,'Indriani Djaenuddin','2015-08-21','Perempuan','Asnita Ruslin','Djaenuddin ','Jl.Lalonggida Gang.Meluhu No.59',7),(52,'Thalib Dayat','2015-06-06','Laki-laki','Herniwati ','La Oge','Jl.Lalonggida No.214',7),(53,'Endro Gunardi','2015-03-29','Laki-laki','Ela Julyani','Dedi Gunardi','Jl.Lalonggida No.2',7),(54,'Endang Iriani Listina','2015-05-13','Perempuan','Mardia','La Ruslin','Jl.Lalonggida No.68',8),(55,'Yoghi Herliawan','2015-01-09','Laki-laki','Misrawati','Hendra Herliawanto','Jl.Membiri BTN Membiri Blok F',2),(56,'Merlinda Saranani','2015-03-14','Perempuan','Asriani','Jamsir Saranani','Jl.Membiri BTN Membiri Blok K No.23',2),(57,'Ismail Marten','2015-07-06','Laki-laki','Martini','Marten Sabila','Jl.Membiri No.52',2),(58,'Putri Yanita','2015-05-19','Perempuan','Risa Harnani Sayid','Israd Ismail','Jl.Membiri No.110',2),(59,'Imam Torada','2015-12-29','Laki-laki','Harnia Marlina','Saharuddin Torada','Jl.Membiri',2),(60,'Dedy Parma','2015-03-30','Laki-laki','Sundarsih S.','Abd.Muis','Jl.Prona No.51',9),(61,'Ardhan','2015-04-13','Laki-laki','Sriwati R.','Suparman','Jl.Prona No.206',9),(62,'Gani Gaela','2015-02-15','Perempuan','Sela Resa Usman','Iwan L.','Jl.Prona',9),(63,'Septiani W.','2015-06-30','Perempuan','Sriwati Najriah','Wawan Darmawan','Jl.Prona No.71',9),(64,'Muh. Admin Jawas','2015-05-05','Laki-laki','Tina Subaedah','Samsidar Jawas','Jl.Ade Nasution Gang.Yaman No.62',13),(65,'Catherine Waode','2015-07-27','Perempuan','Sartini Maulu','Laode Iskandar S.','Jl.Ade Nasution Gang.Yaman No.11',13),(66,'Muh. Idris','2015-02-25','Laki-laki','Musdalifah','Randy Saipul','Jl.Ade Nasution Gang.Yaman',13),(67,'Sitti Ramla Anwar','2015-04-13','Perempuan','Asriani Saranani','Khairul Anwar','Jl.Ade Nasution No.23',13),(68,'Nur Rahma Idris','2015-07-09','Perempuan','Rosmini Beta','Dul Hamid Idris','Jl.Bukit Anugrah BTN Anugerah Blok H',14),(69,'Diana Ermanarfa','2015-01-08','Perempuan','Rahmawati G.','Daeng Entang','Jl.Bukit Anugrah No.49',14),(70,'Berlinanty Emar ','2015-01-24','Perempuan','Rahma Berlian','Nur Emar','BTN Anugerah Blok.C No.19',14),(71,'Yuyun Arnianti ','2015-05-01','Perempuan','Harlina','H. Nuralim Tarikat Kimin','Jl.Bukit Anugrah BTN Anugerah Blok H No.38',14),(72,'Rikar Jaya','2015-01-01','Laki-laki','Misratin','I Wayan Kertanegara','Jl.Bukit Anugrah No.216',14),(73,'Nilu Sulastini','2015-06-04','Perempuan','Retno Kostarini Nuralim','Roni Sanjaya','Jl.Bukit Anugrah BTN Anugerah Blok A No.2',14),(74,'Santy Asdar','2015-07-27','Perempuan','dr.Suryani','Masran Asdar','Jl.Tepule No.57',4),(75,'Toto Iswanto','2015-05-01','Perempuan','Inuslin Lestari','Januar Mardi','Jl.Tepule No.79',4),(76,'Ninuraini Rini ','2015-06-12','Perempuan','Hj.Dahlia','H.Armin Kaodo','Jl.Tepule No.27',4),(78,'Yuliana Cahya','2015-03-23','Perempuan','Heni Sulastri','Muh.Darwin','Jl.Telupe No.62',4),(79,'Cipto Nugroho','2015-03-25','Laki-laki','Yessy Efendi','Hesron Asbi','Jl.Telupe',4),(80,'Irfan Sulaiman','2015-08-07','Laki-laki','Lisnawaty','Irsad Sulaiman','Jl.Telupe No.34',4),(81,'Novita Ayu Fahmi Dasang','2015-02-18','Perempuan','Suhaebati','Udin Dasang','Jl.Surapati Gang Merpati No.11',5),(82,'Novita Ayu Fahmi Dasang','2015-02-18','Perempuan','Suhaebati','Udin Dasang','Jl.Surapati Gang Merpati No.11',5),(83,'Aprilia Pusparini ','2015-02-01','Perempuan','Hasnawati Jamil Hamid','Muhammad Fahmi','Jl.Surapati Gang Merpati No.87 ',5),(84,'Akbar Jefrianto','2015-04-21','Laki-laki','Yusriani Erma','Marsuki Amin Rauf','Jl.Surapati Gang Merpati No.56',5),(85,'Ayu Wandira','2015-07-30','Perempuan','Helfiana Kinanti','Daeng Sakka','Jl.Surapati No.31',5),(87,'Reski Amalia','2015-02-23','Perempuan','Sari Bulan','Muh. Syaiful','Jl.Banda No.17',12),(88,'Restu Adiputra','2015-04-04','Laki-laki','Lidia Nurman S.','Lanto Sewang','Jl.Banda No.166',12),(89,'Suci Larasati R.','2015-01-20','Perempuan','Fitri','Rahman Sulkifli','Jl.Banda No.43',12),(90,'Suci Larasati R.','2015-01-20','Perempuan','Fitri','Rahman Sulkifli','Jl.Banda No.43',12),(91,'Eddy Jimmy ','2015-03-21','Laki-laki','Narlisa Guntoro','Yaser Mbode','Jl.Banda No.68',12),(92,'Nining Salma Raharjo','2015-02-09','Perempuan','Nur Djaerotun','Tato Raharjo','Jl.DR.Sutomo Gang RSJ No.19',15),(93,'Salma A. Asdianty','2015-07-01','Perempuan','Sitti Ratna','Faisal Madjid','Jl.DR.Sutomo Gang RSJ No.59',15),(95,'Ayu Cinta Lestari','2015-06-07','Perempuan','Jumiatin Hasan','Iwaluddin','Jl.Pattimura No.7',6),(96,'Tanti Hikmawati Rasyid','2015-08-17','Perempuan','Siti Hawa','Heri Nurman Rasyid','Jl.Pattimura',6),(97,'Randy Kurniawan','2015-06-13','Laki-laki','Nini Anwar','Bastian Dangga','Jl.Pattimura No.49',6),(98,'Helmi Putri Anggraeni ','2015-06-27','Perempuan','Erna Triwidati','Muh. Herdi H.','Jl.R.Soeprapto No.41',10),(99,'Hendro Irsan','2015-07-12','Laki-laki','Mariani F.','Herdi Ramli','Jl.R.Soeprapto No.73',10),(100,'Hendro Irsan','2015-03-12','Laki-laki','Harlina F.','Herdi Ramli','Jl.R.Soeprapto No.73 ',10),(102,'Ryantoni Djumawal','2015-04-03','Laki-laki','Muliatin','Djumawal Iswanto','Jl.Teporumba Gang Kemuning No.11',1),(103,'Dwi Ayu Wulandari','2015-05-14','Perempuan','Hj.Munawarah','Hajar Rusdin','Jl.Teporumba No.122',1),(104,'Irma Yani Lisna','2014-07-11','Perempuan','Hj.Sartika Yeni','H.Hasan Ajis H','Jl.Teporumba No.69',1),(105,'Rikar Rudianto Isnandar','2015-02-28','Laki-laki','Yeni Serlisa','Isnandar Wende','Jl.Teporumba',1),(106,'Ayu Ista Lestari','2015-06-19','Perempuan','Rita Hastarita','Rusdin Gamali','Jl.Teporumba Gang Seroja No.52b',1),(107,'Rifaldi Mindo','2015-05-24','Laki-laki','Asnita Desy','Eman Mindo','Jl.Teporumba Gang Seroja',1),(108,'Dais Yuni Ansari','2015-03-25','Perempuan','Rima Zulita','Nurul Haky','Jl.Prof.M.Yamin No.205',3),(109,'Jasmine Liana Anton','2015-04-16','Perempuan','Miranti Dao','Anton Jabir','Jl.Prof.M.Yamin',3),(110,'Indra Jaya Lewe','2015-06-17','Laki-laki','Nur Hidayati Samudi','Ilham Taufik Lewe','Jl.Prof.M.Yamin No.101',3),(111,'Satria Roy Amrul','2015-03-01','Laki-laki','Retno Marlina','Amrul Makmur','Jl.Prof.M.Yamin',3),(112,'Tri Anita Hartono','2015-06-09','Perempuan','Rina Darmin','Hartono','Jl.Prof.M.Yamin No.19',3),(113,'Wiwin Amilinty','2015-08-09','Perempuan','Lindasih','Basran','Jl.Prof.M.Yamin',3),(114,'Giri Wardoyo','2015-04-15','Laki-laki','Herlinda Ejeung','Siswandi Wibowo','Jl.Lalonggida Gang.Meluhu No.4',7),(115,'Yuspita Putri','2015-08-08','Perempuan','Fe Wahyuni','Nismar Suryana','Jl.Lalonggida No.37',7),(116,'Uci Fitria Asman','2015-03-11','Perempuan','Suryani Putri','Asman Bustaman','Jl.Lalonggida No.22',7),(117,'Kartika Kasta','2015-05-11','Perempuan','Ritania Palma','Nafial Sutanto Kasta','Jl.Lalonggida',7),(118,'Putu Gede Aryana','2015-08-11','Laki-laki','Misna Tinase','I Wayan Kartajasa','Jl.Lalonggida No.77',7),(119,'Cici Arman','2015-07-31','Perempuan','Sarlina Nuri','Bakier Arman','Jl.Lalonggida No.250',7),(120,'Iqballasran Keanu','2015-02-14','Laki-laki','Rena','Tasrin','Jl.Wayong No.29',8),(121,'Regar Muhammad','2015-05-30','Laki-laki','Wanisa Nara','Muhammad Rahim','Jl.Wayong No.108',8),(122,'Wenty Wulandary','2015-07-16','Perempuan','Sarti Yanty','Firman ','Jl.Wayong',8),(123,'Firman Axiata','2015-08-02','Laki-laki','Nurfiah K','Andi Mustari','Jl.Wayong No.81',8),(124,'Dian Mirnalisa','2015-06-06','Perempuan','Yasni Mis R','Sahrul Gunawan','Jl.Wayong No.48',8),(125,'Anna Gunawan','2015-05-26','Perempuan','Asri Evi','Edi Gunawan','Jl.Membiri No.48',2),(126,'Amanda Isnandar','2015-07-16','Perempuan','Sartika','Djasman Isnandar','Jl.Membiri BTN Membiri Blok A No.5',2),(127,'Zulfikar Isa','2015-04-24','Laki-laki','Miftahul Jannah','Rudianto Rusdin','Jl.Membiri BTN Membiri Blok J No.23',2),(128,'Sartika Kumala Dewi','2015-07-01','Perempuan','Andi Irawati','Edi Sudrajot','Jl.Membiri',2),(129,'Lucy Audrey','2015-03-12','Perempuan','Maria Djaya','Ferdinan Patra','Jl.Prona No.12',9),(130,'Muhammad Imran','2015-04-21','Laki-laki','Reni Heriani','Heru Bahtiar','Jl.Prona No.108',9),(131,'Antman Ilyas','2015-07-01','Laki-laki','Reanita','Yunus','Jl.Prona',9),(132,'Nilam Sitti','2015-08-18','Perempuan','Siti Syriah','Rahmatan Alamin','Jl.Prona No.64',9),(133,'Cherry ','2015-03-30','Perempuan','Frenda Isabel','Berthius Vender ','Jl.Prona No.200',9),(134,'Yamin Saleh ','2015-06-09','Laki-laki','Hj.Andi Lisdar','H.Iman Lasata','Jl.Prona No.15',9),(135,'Membira Allysa','2015-08-10','Perempuan','Marwah Salfa','Bahrun Idras','Jl.Membiri BTN Membiri Blok D No.28',2),(136,'Ella Maria','2015-02-20','Perempuan','Wa Emmy Cjat','K.Dartius','Jl.Ade Nasution No.102',13),(137,'Aisyah Ramli','2015-07-30','Perempuan','Sarinah ','Ramli Rizal','Jl.Ade Nasution Gang.Yaman No.2',13),(138,'Salsa Cahaya','2015-06-16','Perempuan','Sri Yuswati','Jaharuddin','Jl.Ade Nasution Gang.Yaman No.44',13),(139,'Arif Tri Nasrun','2015-01-10','Laki-laki','Ratnalisti','Nasrun ','Jl.Ade Nasution No.118',13),(140,'Silfa Arwen','2015-08-16','Perempuan','Waode Anita Putri','Rafael Arwen','Jl.Ade Nasution No.7',13),(141,'Nani Purnomo','2015-02-27','Perempuan','Kurniati','Purnomo','Jl.Ade Nasution ',14),(142,'Salma Indriani Rauf','2015-03-21','Perempuan','Nuriati Kasman','Ambo Rauf','Jl.Bukit Anugrah No.14',14),(143,'Shinta Elly','2015-08-10','Perempuan','Yusna','Yusran','Jl.Bukit Anugrah No.215',14),(144,'Asmar Setyadi','2015-06-29','Laki-laki','Adelia Maya','Andrianto','BTN Anugrah Blok F No.74',14),(145,'Muh. Arsyad Madi','2015-05-01','Laki-laki','Munawarah','La Madi','Jl.Tepule No.76',4),(146,'Della Saleha','2015-01-07','Perempuan','Sukiem Saleha','Abdul Muin','Jl.Tepule',4),(147,'Fatimah Maemuna','2015-08-31','Perempuan','Hj.Nahlan','H.Anwar','Jl.Tepule No.111',4),(148,'Suci Said','2015-03-15','Perempuan','Elni Ermayana','Umar Said','Jl.Tepule No.92',4),(149,'Iskandar Syarif','2015-06-20','Laki-laki','Harniati Esse','Muhammad Anwar ','Jl.Tepule No.10',4),(150,'Budi Haryono','2015-06-11','Laki-laki','Murni Yani','Husein','Jl.Tepule No.106',4),(151,'Dhea Berta','2015-02-12','Perempuan','Saenab Maschur','Herman','Jl.Surapati No.24',5),(152,'Novy Damayanti','2015-05-13','Perempuan','Mutiawaty H.','Amiruddin S.','Jl.Surapati Gang Merpati No.2',5),(153,'Erwin Azwar','2015-03-20','Laki-laki','Nurinaya','Kasiran Ilyas','Jl.Surapati Gang Merpati No.70',5),(154,'Kartini Gunawati','2015-04-21','Perempuan','Waode Diana','Gunawan','Jl.Surapati No.231',5),(155,'Hamida Alwi','2015-07-25','Perempuan','Martini','Alwi Saad','Jl.Surapati',5),(156,'Pelita Andi Randy','2015-08-14','Perempuan','Andi Sriwati Nurung','Andi Randy','Jl.Surapati Gang Merpati No.26',5),(157,'Ridwan P.','2015-03-07','Laki-laki','Nuriyati','Muhammad Rais','Jl.Banda No. 86',12),(158,'Nur Laila','2015-01-18','Perempuan','Yulianty','Muh.Yadsir','Jl.Banda No.109',12),(159,'Haney Gani','2015-06-12','Perempuan','Suryani Nur','Wahidin ','Jl.Banda No.51',12),(160,'Abdul Gofur','2015-04-17','Laki-laki','Susanti','Asman','Jl.Banda No.93',12),(161,'Isnandar Nurdewa','2015-07-19','Laki-laki','Sri Mulyani','Nurdewo','Jl.Banda No.39',12),(162,'Tri Hermawan','2015-06-29','Perempuan','Siti Hamidah','Hermawan','Jl.Banda No.4',12),(163,'Aziz Usman','2015-05-07','Laki-laki','Kurnia Yati','Usman Nasruddin','Jl.DR.Sutomo No.8',15),(164,'Icha Saryna','2015-08-07','Perempuan','Hermayanti Ukuf','Rustam Sagu','Jl.DR.Sutomo No.85',15),(165,'Jaya D.','2015-03-15','Laki-laki','Mardahia','Rafid D.','Jl.DR.Sutomo Gang RSJ No.41',15),(166,'Astari Radena','2015-03-03','Perempuan','Risna Wiwi','Arfi Naga','Jl.DR.Sutomo Gang RSJ No.2',15),(167,'Zahra Idris','2015-05-10','Perempuan','Halimah','Jinardi Idris','Jl.DR.Sutomo Gang RSJ No.35',15),(168,'Risa Elvira','2015-08-31','Perempuan','Zihiba Tima','Bachmad','Jl.DR.Sutomo No.105',15),(169,'Ardhy Rahman','2015-06-06','Laki-laki','Jumarni Siah','Rahman Yunus','Jl.DR.Sutomo',15),(170,'Hendrik Adly','2015-04-29','Laki-laki','Sirianta Puspa','Damaris G.','Jl.DR.Sutomo No.48',15),(171,'Sarifah Hamdjuna','2015-02-27','Perempuan','Waode Halisa','Yunus Hamdjuna','Jl.Pattimura No.86',6),(172,'Elisabeth','2015-01-12','Perempuan','Alisabeth','Yulianus Liling','Jl.Pattimura No.51',6),(173,'Rajawali','2015-04-16','Perempuan','Marsiah','Hendrik','Jl.Pattimura No.153',6),(174,'Dian Rasna','2015-06-28','Perempuan','Lisna Azizah','Karim','Jl.Pattimura',6),(175,'Mentari Zulfa','2015-01-30','Perempuan','Nur Hayati','Sarifuddin','Jl.Pattimura No.81',6),(176,'Johanis Oti','2015-04-26','Laki-laki','Fransiska','Charles Oti','Jl.Pattimura No.129',6),(177,'Hermin Karya','2015-02-12','Laki-laki','Murmiah Suketi','Karya Wayang','Jl.Pattimura No.20',6),(178,'Nada Astia Salim','2015-01-25','Perempuan','Atrayani','Abdullah Salim','Jl.R.Soeprapto No.2',10),(179,'Naya Astia Salim','2015-01-25','Perempuan','Atrayani','Abdullah Salim','Jl.R.Soeprapto No.2',10),(180,'Muhammad Yasir Yahya','2015-05-20','Laki-laki','Fitri Supu','Ridwan Yahya','Jl.R.Soeprapto No.17',10),(181,'Topan Marham','2015-05-01','Laki-laki','Jandriatin','Marham Jamal','Jl.R.Soeprapto',10),(182,'Ahmad Reza','2015-03-24','Laki-laki','Asrianti Dewi','Hairul F.','Jl.R.Soeprapto No.120',10),(183,'Putri Armadani','2015-01-29','Perempuan','Indrawana Sisy','Bastian','Jl.R.Soeprapto No.93',10),(184,'Euis Hayuna','2015-07-17','Perempuan','Lilis Nurjana','Dadang Zul','Jl.R.Soeprapto No.26',10),(185,'Aditya Suharsono','2015-05-26','Laki-laki','Nursaidah','Sukmanto Suharsono','Jl.Pribumi BTN Permata No.32A',11),(186,'Sitha Fathmawati','2015-04-26','Perempuan','Ratnasari','Zulfikry','Jl.Pribumi BTN Permata No.6C',11),(187,'Yovita Ry','2015-02-15','Perempuan','Kusuma Harini','Catur Ry','Jl.Pribumi No.19',11),(188,'Nindy Yudhianto','2015-01-30','Perempuan','Haswatry Daud','Yudhianto Aswa','Jl.Pribumi No.126',11),(189,'Marthen Mulya','2015-07-28','Laki-laki','Maria Damai','James Massora','Jl.Pribumi BTN Permata No.18',11),(190,'Arfandhy Firdaus','2015-08-25','Laki-laki','Mia Marwa','Iriyanto','Jl.Pribumi BTN Permata No.24A',11),(191,'Daniel Padang','2015-06-12','Laki-laki','Oktaviana','Damaris Padang','Jl.Pribumi No.11',11),(192,'Nathalia F.','2015-01-22','Perempuan','Vianna ','Rajendra F.','Jl.Pribumi BTN Permata No.19B',11),(193,'Alfa Andra','2015-05-02','Laki-laki','Fitriana','Syahrir','Jl.Pribumi BTN Permata No.6C',11),(194,'Ferdinand Alto','2015-07-28','Laki-laki','Finditri Sallo','Jonathan','Jl.Pribumi No.47',11),(195,'Desy Syahrir','2015-06-12','Perempuan','Juniatina','Syahrir','Jl.Pribumi No.83',11),(196,'Ardyansyah','2015-08-10','Laki-laki','Nurdias','Yunus','Jl.Pribumi BTN Permata No.38',11),(197,'Aprianto Bakri','2015-04-13','Laki-laki','Sitti Asriati','Arwan H. Bakrie','Jl.Saano Puuwatu No.7',16),(198,'Annisa Ayu','2015-02-25','Perempuan','Neti Taruf','Subagio','Jl.Saano Puuwatu No.34',16),(199,'Dwi Sekawan ','2015-08-02','Laki-laki','Susan','Joni A.','Jl.Saano Puuwatu',16),(200,'Gina Zahra Irwan','2015-06-18','Perempuan','Hj.Melati Zahra','H.Irwan','Jl.Saano Puuwatu No.133',16),(201,'Gani Zahra Irwan','2015-06-18','Perempuan','Hj.Melati Zahra','H.Irwan','Jl.Saano Puuwatu No.133',16),(202,'Zayna Cita','2015-03-29','Perempuan','Ayu Saputri','Adrius','Jl.Saano Puuwatu No.5',16),(203,'Zayna Cita','2015-03-29','Perempuan','Ayu Saputri','Adrius','Jl.Saano Puuwatu No.5',16),(204,'Donny Hirosakha','2015-08-01','Laki-laki','Galela Sela','Hiroshaka','Jl.Saano Puuwatu No.73',16),(205,'Marshella Albertus','2015-07-24','Laki-laki','Anastasia ','Donatus Albertus','Jl.Saano Puuwatu No.25',16),(206,'Irfan Pratama','2015-03-13','Laki-laki','Dindayatni','Djarot N.','Jl.Saano Puuwatu No.163',16),(207,'Adinda Senandung','2015-05-13','Perempuan','Waode Sulityani','Andi Hamid','Jl.Saano Puuwatu',16),(208,'Nacitha Berlin','2015-08-04','Perempuan','Dena Marchela','Frans Sihombing','Jl.Saano Puuwatu No.91',16),(209,'Vanesa','2015-06-15','Perempuan','Lidya','Dominggus','Jl.Wayong No.13',8),(210,'Ayunita Edy','2015-07-03','Perempuan','Hasyati','Edy Ridwan','Jl.Wayong',8),(211,'Irman Hermilang','2015-06-13','Laki-laki','Risma Madu','Nurdin','Jl.Wayong No.109',8),(216,'Fadillah Ilham','2015-08-26','Laki-laki','Mari Astuti','Rahman','Jl.Pattimura No.79',6),(224,'Sessy','2015-09-28','Perempuan','Ruth','Harry','Genuk',11),(239,'Ayu Andina ','2015-10-01','Perempuan','Fittriana','Ruslandy','Semarang ',6),(243,'fulan ahmad','2013-10-01','Laki-laki','siti','bedjo','',1),(244,'Fajri','2015-10-02','Laki-laki','bb','aa','nn',1);
/*!40000 ALTER TABLE `bayi` ENABLE KEYS */;
UNLOCK TABLES;

--
-- Table structure for table `kegiatan_imunisasi`
--

DROP TABLE IF EXISTS `kegiatan_imunisasi`;
/*!40101 SET @saved_cs_client     = @@character_set_client */;
/*!40101 SET character_set_client = utf8 */;
CREATE TABLE `kegiatan_imunisasi` (
  `no_kegiatan_imunisasi` int(6) NOT NULL AUTO_INCREMENT,
  `tanggal_imunisasi` date DEFAULT NULL,
  `id_bayi` int(6) DEFAULT NULL,
  `id_vaksin` int(6) DEFAULT NULL,
  `id_user` int(6) DEFAULT NULL,
  `id_posyandu` int(6) DEFAULT NULL,
  PRIMARY KEY (`no_kegiatan_imunisasi`),
  KEY `id_bayi_idx` (`id_bayi`),
  KEY `id_vaksin_idx` (`id_vaksin`),
  KEY `id_user_idx` (`id_user`),
  CONSTRAINT `id_bayi` FOREIGN KEY (`id_bayi`) REFERENCES `bayi` (`id_bayi`) ON DELETE NO ACTION ON UPDATE NO ACTION,
  CONSTRAINT `id_vaksin` FOREIGN KEY (`id_vaksin`) REFERENCES `vaksin` (`id_vaksin`) ON DELETE NO ACTION ON UPDATE NO ACTION
) ENGINE=InnoDB AUTO_INCREMENT=2151 DEFAULT CHARSET=latin1;
/*!40101 SET character_set_client = @saved_cs_client */;

--
-- Dumping data for table `kegiatan_imunisasi`
--

LOCK TABLES `kegiatan_imunisasi` WRITE;
/*!40000 ALTER TABLE `kegiatan_imunisasi` DISABLE KEYS */;
INSERT INTO `kegiatan_imunisasi` VALUES (21,'2015-09-17',31,1,1,1),(22,'2015-08-20',31,2,1,1),(23,'2015-08-20',31,3,1,1),(24,'2015-08-20',31,4,1,1),(25,'2015-08-20',31,5,1,1),(26,'2015-08-20',31,6,1,1),(27,'2015-09-08',31,7,1,1),(28,'2015-10-01',31,8,1,1),(29,'2015-10-01',31,9,1,1),(30,'2015-10-01',31,10,1,1),(41,'2015-08-20',33,1,1,1),(42,'2015-08-20',33,2,1,1),(43,'2015-08-20',33,3,1,1),(44,'2015-08-20',33,4,1,1),(45,'2015-08-20',33,5,1,1),(46,'2015-08-20',33,6,1,1),(47,'2015-08-20',33,7,1,1),(48,'0000-00-00',33,8,1,1),(49,'2015-09-10',33,9,1,1),(50,'0000-00-00',33,10,1,1),(51,'2015-08-21',34,1,1,1),(52,'2015-08-21',34,2,1,1),(53,'2015-08-21',34,3,1,1),(54,'2015-08-21',34,4,1,1),(55,'2015-08-21',34,5,1,1),(56,'2015-09-04',34,6,1,1),(57,'0000-00-00',34,7,1,1),(58,'0000-00-00',34,8,1,1),(59,'0000-00-00',34,9,1,1),(60,'0000-00-00',34,10,1,1),(61,'2015-08-21',35,1,1,1),(62,'2015-08-21',35,2,1,1),(63,'2015-08-21',35,3,1,1),(64,'2015-09-11',35,4,1,1),(65,'2015-10-03',35,5,1,1),(66,'2015-10-03',35,6,1,1),(67,'0000-00-00',35,7,1,1),(68,'0000-00-00',35,8,1,1),(69,'0000-00-00',35,9,1,1),(70,'0000-00-00',35,10,1,1),(71,'2015-08-21',36,1,1,1),(72,'2015-08-21',36,2,1,1),(73,'2015-09-01',36,3,1,1),(74,'2015-09-09',36,4,1,1),(75,'2015-09-11',36,5,1,1),(76,'2015-09-28',36,6,30,1),(77,'0000-00-00',36,7,1,1),(78,'0000-00-00',36,8,1,1),(79,'0000-00-00',36,9,1,1),(80,'0000-00-00',36,10,1,1),(81,'2015-08-21',37,1,1,1),(82,'2015-08-21',37,2,1,1),(83,'2015-08-21',37,3,1,1),(84,'2015-08-21',37,4,1,1),(85,'2015-08-21',37,5,1,1),(86,'2015-10-01',37,6,1,1),(87,'2015-10-01',37,7,1,1),(88,'2015-10-01',37,8,1,1),(89,'2015-10-01',37,9,1,1),(90,'2015-10-01',37,10,1,1),(91,'2015-09-09',38,1,1,1),(92,'2015-09-09',38,2,1,1),(93,'2015-09-09',38,3,1,1),(94,'2015-09-09',38,4,1,1),(95,'2015-09-09',38,5,1,1),(96,'2015-09-09',38,6,1,1),(97,'0000-00-00',38,7,1,1),(98,'0000-00-00',38,8,1,1),(99,'0000-00-00',38,9,1,1),(100,'0000-00-00',38,10,1,1),(101,'2015-08-21',39,1,1,1),(102,'2015-08-21',39,2,1,1),(103,'2015-08-21',39,3,1,1),(104,'2015-08-21',39,4,1,1),(105,'2015-08-21',39,5,1,1),(106,'2015-09-09',39,6,1,1),(107,'2015-09-09',39,7,1,1),(108,'2015-08-21',39,8,1,1),(109,'2015-08-21',39,9,1,1),(110,'2015-08-21',39,10,1,1),(111,'2015-08-21',40,1,1,1),(112,'2015-08-21',40,2,1,1),(113,'2015-08-21',40,3,1,1),(114,'0000-00-00',40,4,1,1),(115,'0000-00-00',40,5,1,1),(116,'0000-00-00',40,6,1,1),(117,'0000-00-00',40,7,1,1),(118,'0000-00-00',40,8,1,1),(119,'0000-00-00',40,9,1,1),(120,'0000-00-00',40,10,1,1),(121,'2015-08-21',41,1,1,1),(122,'2015-08-21',41,2,1,1),(123,'2015-08-21',41,3,1,1),(124,'2015-08-21',41,4,1,1),(125,'2015-09-15',41,5,1,1),(126,'2015-10-06',41,6,1,1),(127,'2015-10-06',41,7,1,1),(128,'2015-10-06',41,8,1,1),(129,'2015-10-06',41,9,1,1),(130,'0000-00-00',41,10,1,1),(131,'2015-08-21',42,1,1,3),(132,'2015-08-21',42,2,1,3),(133,'2015-08-21',42,3,1,3),(134,'2015-08-21',42,4,1,3),(135,'2015-08-21',42,5,1,3),(136,'2015-08-21',42,6,1,3),(137,'2015-09-01',42,7,1,3),(138,'0000-00-00',42,8,1,3),(139,'0000-00-00',42,9,1,3),(140,'0000-00-00',42,10,1,3),(141,'2015-08-21',43,1,1,3),(142,'2015-08-21',43,2,1,3),(143,'2015-08-21',43,3,1,3),(144,'2015-08-21',43,4,1,3),(145,'2015-08-21',43,5,1,3),(146,'2015-08-21',43,6,1,3),(147,'2015-08-21',43,7,1,3),(148,'2015-08-21',43,8,1,3),(149,'2015-09-01',43,9,1,3),(150,'0000-00-00',43,10,1,3),(151,'2015-08-21',44,1,1,3),(152,'2015-08-21',44,2,1,3),(153,'2015-08-21',44,3,1,3),(154,'2015-08-21',44,4,1,3),(155,'2015-08-21',44,5,1,3),(156,'2015-08-21',44,6,1,3),(157,'2015-08-21',44,7,1,3),(158,'2015-08-21',44,8,1,3),(159,'2015-08-21',44,9,1,3),(160,'2015-08-21',44,10,1,3),(161,'2015-08-21',45,1,1,3),(162,'2015-08-21',45,2,1,3),(163,'2015-08-21',45,3,1,3),(164,'2015-08-21',45,4,1,3),(165,'2015-08-21',45,5,1,3),(166,'0000-00-00',45,6,1,3),(167,'0000-00-00',45,7,1,3),(168,'0000-00-00',45,8,1,3),(169,'0000-00-00',45,9,1,3),(170,'0000-00-00',45,10,1,3),(171,'2015-08-21',46,1,1,3),(172,'2015-08-21',46,2,1,3),(173,'2015-08-21',46,3,1,3),(174,'0000-00-00',46,4,1,3),(175,'2015-08-21',46,5,1,3),(176,'2015-08-21',46,6,1,3),(177,'0000-00-00',46,7,1,3),(178,'0000-00-00',46,8,1,3),(179,'0000-00-00',46,9,1,3),(180,'0000-00-00',46,10,1,3),(181,'2015-08-21',47,1,1,3),(182,'2015-08-21',47,2,1,3),(183,'2015-08-21',47,3,1,3),(184,'2015-08-21',47,4,1,3),(185,'2015-08-21',47,5,1,3),(186,'2015-08-21',47,6,1,3),(187,'2015-08-21',47,7,1,3),(188,'2015-08-21',47,8,1,3),(189,'2015-09-11',47,9,1,3),(190,'2015-09-29',47,10,1,3),(191,'2015-08-21',48,1,1,3),(192,'2015-08-21',48,2,1,3),(193,'2015-08-21',48,3,1,3),(194,'2015-08-21',48,4,1,3),(195,'2015-08-21',48,5,1,3),(196,'2015-08-21',48,6,1,3),(197,'2015-08-21',48,7,1,3),(198,'2015-09-01',48,8,1,3),(199,'0000-00-00',48,9,1,3),(200,'0000-00-00',48,10,1,3),(201,'2015-08-21',49,1,1,3),(202,'2015-08-21',49,2,1,3),(203,'2015-09-10',49,3,1,3),(204,'0000-00-00',49,4,1,3),(205,'0000-00-00',49,5,1,3),(206,'0000-00-00',49,6,1,3),(207,'0000-00-00',49,7,1,3),(208,'0000-00-00',49,8,1,3),(209,'0000-00-00',49,9,1,3),(210,'0000-00-00',49,10,1,3),(211,'2015-08-21',50,1,1,7),(212,'2015-08-21',50,2,1,7),(213,'2015-08-21',50,3,1,7),(214,'2015-08-21',50,4,1,7),(215,'2015-09-01',50,5,1,7),(216,'0000-00-00',50,6,1,7),(217,'0000-00-00',50,7,1,7),(218,'0000-00-00',50,8,1,7),(219,'0000-00-00',50,9,1,7),(220,'0000-00-00',50,10,1,7),(221,'2015-08-21',51,1,1,7),(222,'0000-00-00',51,2,1,7),(223,'0000-00-00',51,3,1,7),(224,'0000-00-00',51,4,1,7),(225,'0000-00-00',51,5,1,7),(226,'0000-00-00',51,6,1,7),(227,'0000-00-00',51,7,1,7),(228,'0000-00-00',51,8,1,7),(229,'0000-00-00',51,9,1,7),(230,'0000-00-00',51,10,1,7),(231,'2015-08-21',52,1,1,7),(232,'2015-08-21',52,2,1,7),(233,'2015-08-21',52,3,1,7),(234,'2015-08-21',52,4,1,7),(235,'2015-08-21',52,5,1,7),(236,'2015-08-21',52,6,1,7),(237,'2015-08-25',52,7,1,7),(238,'0000-00-00',52,8,1,7),(239,'0000-00-00',52,9,1,7),(240,'2015-09-01',52,10,1,7),(241,'2015-08-21',53,1,1,7),(242,'2015-08-21',53,2,1,7),(243,'2015-08-21',53,3,1,7),(244,'2015-08-21',53,4,1,7),(245,'2015-08-21',53,5,1,7),(246,'2015-08-21',53,6,1,7),(247,'2015-08-21',53,7,1,7),(248,'0000-00-00',53,8,1,7),(249,'2015-09-01',53,9,1,7),(250,'0000-00-00',53,10,1,7),(251,'2015-08-21',54,1,1,8),(252,'2015-08-21',54,2,1,8),(253,'2015-08-21',54,3,1,8),(254,'2015-08-21',54,4,1,8),(255,'2015-08-21',54,5,1,8),(256,'2015-09-01',54,6,1,8),(257,'2015-09-09',54,7,1,8),(258,'2015-09-29',54,8,1,8),(259,'2015-09-10',54,9,1,8),(260,'2015-09-10',54,10,1,8),(261,'2015-08-21',55,1,2,2),(262,'2015-08-21',55,2,2,2),(263,'2015-08-21',55,3,2,2),(264,'2015-08-21',55,4,2,2),(265,'2015-08-21',55,5,2,2),(266,'2015-08-21',55,6,2,2),(267,'2015-08-21',55,7,2,2),(268,'2015-08-21',55,8,2,2),(269,'2015-08-21',55,9,2,2),(270,'2015-08-21',55,10,2,2),(271,'2015-08-21',56,1,2,2),(272,'2015-08-21',56,2,2,2),(273,'2015-08-21',56,3,2,2),(274,'2015-08-21',56,4,2,2),(275,'2015-08-21',56,5,2,2),(276,'2015-08-21',56,6,2,2),(277,'0000-00-00',56,7,2,2),(278,'0000-00-00',56,8,2,2),(279,'0000-00-00',56,9,2,2),(280,'0000-00-00',56,10,2,2),(281,'0000-00-00',57,1,2,2),(282,'0000-00-00',57,2,2,2),(283,'0000-00-00',57,3,2,2),(284,'0000-00-00',57,4,2,2),(285,'0000-00-00',57,5,2,2),(286,'2015-08-21',57,6,2,2),(287,'2015-08-21',57,7,2,2),(288,'2015-08-21',57,8,2,2),(289,'0000-00-00',57,9,2,2),(290,'0000-00-00',57,10,2,2),(291,'2015-08-21',58,1,2,2),(292,'2015-08-21',58,2,2,2),(293,'2015-08-21',58,3,2,2),(294,'2015-08-21',58,4,2,2),(295,'2015-08-21',58,5,2,2),(296,'0000-00-00',58,6,2,2),(297,'0000-00-00',58,7,2,2),(298,'0000-00-00',58,8,2,2),(299,'0000-00-00',58,9,2,2),(300,'0000-00-00',58,10,2,2),(301,'2015-08-21',59,1,2,2),(302,'2015-08-21',59,2,2,2),(303,'2015-08-21',59,3,2,2),(304,'0000-00-00',59,4,2,2),(305,'2015-08-21',59,5,2,2),(306,'2015-08-21',59,6,2,2),(307,'2015-08-21',59,7,2,2),(308,'2015-08-21',59,8,2,2),(309,'2015-08-21',59,9,2,2),(310,'2015-08-21',59,10,2,2),(311,'2015-08-21',60,1,2,9),(312,'2015-08-21',60,2,2,9),(313,'2015-08-21',60,3,2,9),(314,'2015-08-21',60,4,2,9),(315,'2015-08-21',60,5,2,9),(316,'2015-08-21',60,6,2,9),(317,'2015-08-21',60,7,2,9),(318,'0000-00-00',60,8,2,9),(319,'0000-00-00',60,9,2,9),(320,'0000-00-00',60,10,2,9),(321,'2015-08-21',61,1,2,9),(322,'2015-08-21',61,2,2,9),(323,'2015-08-21',61,3,2,9),(324,'2015-08-21',61,4,2,9),(325,'2015-08-21',61,5,2,9),(326,'2015-08-21',61,6,2,9),(327,'0000-00-00',61,7,2,9),(328,'0000-00-00',61,8,2,9),(329,'0000-00-00',61,9,2,9),(330,'0000-00-00',61,10,2,9),(331,'2015-08-21',62,1,2,9),(332,'2015-08-21',62,2,2,9),(333,'2015-08-21',62,3,2,9),(334,'2015-08-21',62,4,2,9),(335,'2015-08-21',62,5,2,9),(336,'2015-08-21',62,6,2,9),(337,'2015-08-21',62,7,2,9),(338,'2015-08-21',62,8,2,9),(339,'0000-00-00',62,9,2,9),(340,'0000-00-00',62,10,2,9),(341,'2015-08-21',63,1,2,9),(342,'2015-08-21',63,2,2,9),(343,'2015-08-21',63,3,2,9),(344,'2015-08-21',63,4,2,9),(345,'2015-08-21',63,5,2,9),(346,'0000-00-00',63,6,2,9),(347,'0000-00-00',63,7,2,9),(348,'0000-00-00',63,8,2,9),(349,'0000-00-00',63,9,2,9),(350,'0000-00-00',63,10,2,9),(351,'2015-08-21',64,1,2,13),(352,'2015-08-21',64,2,2,13),(353,'2015-08-21',64,3,2,13),(354,'2015-08-21',64,4,2,13),(355,'2015-08-21',64,5,2,13),(356,'2015-08-21',64,6,2,13),(357,'0000-00-00',64,7,2,13),(358,'0000-00-00',64,8,2,13),(359,'0000-00-00',64,9,2,13),(360,'0000-00-00',64,10,2,13),(361,'2015-08-21',65,1,2,13),(362,'2015-08-21',65,2,2,13),(363,'2015-08-21',65,3,2,13),(364,'2015-09-09',65,4,2,13),(365,'0000-00-00',65,5,2,13),(366,'0000-00-00',65,6,2,13),(367,'0000-00-00',65,7,2,13),(368,'0000-00-00',65,8,2,13),(369,'0000-00-00',65,9,2,13),(370,'0000-00-00',65,10,2,13),(371,'2015-08-21',66,1,2,13),(372,'2015-08-21',66,2,2,13),(373,'2015-08-21',66,3,2,13),(374,'2015-08-21',66,4,2,13),(375,'2015-08-21',66,5,2,13),(376,'2015-08-21',66,6,2,13),(377,'2015-08-21',66,7,2,13),(378,'0000-00-00',66,8,2,13),(379,'0000-00-00',66,9,2,13),(380,'0000-00-00',66,10,2,13),(381,'2015-08-21',67,1,2,13),(382,'2015-08-21',67,2,2,13),(383,'2015-08-21',67,3,2,13),(384,'2015-08-21',67,4,2,13),(385,'2015-08-21',67,5,2,13),(386,'0000-00-00',67,6,2,13),(387,'0000-00-00',67,7,2,13),(388,'0000-00-00',67,8,2,13),(389,'0000-00-00',67,9,2,13),(390,'0000-00-00',67,10,2,13),(391,'2015-08-21',68,1,2,14),(392,'2015-08-21',68,2,2,14),(393,'2015-08-21',68,3,2,14),(394,'0000-00-00',68,4,2,14),(395,'0000-00-00',68,5,2,14),(396,'0000-00-00',68,6,2,14),(397,'0000-00-00',68,7,2,14),(398,'0000-00-00',68,8,2,14),(399,'0000-00-00',68,9,2,14),(400,'0000-00-00',68,10,2,14),(401,'0000-00-00',69,1,2,14),(402,'0000-00-00',69,2,2,14),(403,'0000-00-00',69,3,2,14),(404,'0000-00-00',69,4,2,14),(405,'0000-00-00',69,5,2,14),(406,'0000-00-00',69,6,2,14),(407,'0000-00-00',69,7,2,14),(408,'0000-00-00',69,8,2,14),(409,'2015-08-21',69,9,2,14),(410,'2015-08-21',69,10,2,14),(411,'2015-08-21',70,1,2,14),(412,'2015-08-21',70,2,2,14),(413,'2015-08-21',70,3,2,14),(414,'2015-08-21',70,4,2,14),(415,'2015-08-21',70,5,2,14),(416,'2015-08-21',70,6,2,14),(417,'0000-00-00',70,7,2,14),(418,'2015-08-21',70,8,2,14),(419,'2015-08-21',70,9,2,14),(420,'2015-08-21',70,10,2,14),(421,'2015-08-21',71,1,2,14),(422,'2015-08-21',71,2,2,14),(423,'2015-08-21',71,3,2,14),(424,'2015-08-21',71,4,2,14),(425,'2015-08-21',71,5,2,14),(426,'0000-00-00',71,6,2,14),(427,'0000-00-00',71,7,2,14),(428,'0000-00-00',71,8,2,14),(429,'0000-00-00',71,9,2,14),(430,'0000-00-00',71,10,2,14),(431,'2015-08-21',72,1,2,14),(432,'2015-08-21',72,2,2,14),(433,'2015-08-21',72,3,2,14),(434,'2015-08-21',72,4,2,14),(435,'2015-08-21',72,5,2,14),(436,'2015-08-21',72,6,2,14),(437,'2015-08-21',72,7,2,14),(438,'2015-08-21',72,8,2,14),(439,'2015-08-21',72,9,2,14),(440,'0000-00-00',72,10,2,14),(441,'2015-08-21',73,1,2,14),(442,'2015-08-21',73,2,2,14),(443,'2015-08-21',73,3,2,14),(444,'0000-00-00',73,4,2,14),(445,'2015-08-21',73,5,2,14),(446,'0000-00-00',73,6,2,14),(447,'0000-00-00',73,7,2,14),(448,'0000-00-00',73,8,2,14),(449,'0000-00-00',73,9,2,14),(450,'0000-00-00',73,10,2,14),(451,'2015-08-21',74,1,22,4),(452,'2015-08-21',74,2,22,4),(453,'2015-08-21',74,3,22,4),(454,'2015-08-21',74,4,22,4),(455,'2015-08-21',74,5,22,4),(456,'0000-00-00',74,6,22,4),(457,'0000-00-00',74,7,22,4),(458,'0000-00-00',74,8,22,4),(459,'0000-00-00',74,9,22,4),(460,'0000-00-00',74,10,22,4),(461,'2015-08-21',75,1,22,4),(462,'2015-08-21',75,2,22,4),(463,'2015-08-21',75,3,22,4),(464,'2015-08-21',75,4,22,4),(465,'2015-08-21',75,5,22,4),(466,'0000-00-00',75,6,22,4),(467,'0000-00-00',75,7,22,4),(468,'0000-00-00',75,8,22,4),(469,'0000-00-00',75,9,22,4),(470,'0000-00-00',75,10,22,4),(471,'2015-08-21',76,1,22,4),(472,'2015-08-21',76,2,22,4),(473,'2015-08-21',76,3,22,4),(474,'2015-08-21',76,4,22,4),(475,'0000-00-00',76,5,22,4),(476,'0000-00-00',76,6,22,4),(477,'0000-00-00',76,7,22,4),(478,'0000-00-00',76,8,22,4),(479,'0000-00-00',76,9,22,4),(480,'0000-00-00',76,10,22,4),(491,'2015-08-21',78,1,22,4),(492,'2015-08-21',78,2,22,4),(493,'2015-08-21',78,3,22,4),(494,'2015-08-21',78,4,22,4),(495,'2015-08-21',78,5,22,4),(496,'2015-08-21',78,6,22,4),(497,'0000-00-00',78,7,22,4),(498,'0000-00-00',78,8,22,4),(499,'0000-00-00',78,9,22,4),(500,'0000-00-00',78,10,22,4),(501,'2015-08-21',79,1,22,4),(502,'2015-08-21',79,2,22,4),(503,'2015-08-21',79,3,22,4),(504,'2015-08-21',79,4,22,4),(505,'2015-08-21',79,5,22,4),(506,'2015-08-21',79,6,22,4),(507,'2015-08-21',79,7,22,4),(508,'0000-00-00',79,8,22,4),(509,'0000-00-00',79,9,22,4),(510,'0000-00-00',79,10,22,4),(511,'2015-08-21',80,1,22,4),(512,'2015-08-21',80,2,22,4),(513,'2015-08-21',80,3,22,4),(514,'2015-08-21',80,4,22,4),(515,'2015-08-21',80,5,22,4),(516,'0000-00-00',80,6,22,4),(517,'0000-00-00',80,7,22,4),(518,'0000-00-00',80,8,22,4),(519,'0000-00-00',80,9,22,4),(520,'0000-00-00',80,10,22,4),(521,'0000-00-00',81,1,22,5),(522,'0000-00-00',81,2,22,5),(523,'0000-00-00',81,3,22,5),(524,'0000-00-00',81,4,22,5),(525,'0000-00-00',81,5,22,5),(526,'0000-00-00',81,6,22,5),(527,'0000-00-00',81,7,22,5),(528,'0000-00-00',81,8,22,5),(529,'0000-00-00',81,9,22,5),(530,'0000-00-00',81,10,22,5),(531,'2015-08-21',82,1,22,5),(532,'2015-08-21',82,2,22,5),(533,'2015-08-21',82,3,22,5),(534,'2015-08-21',82,4,22,5),(535,'0000-00-00',82,5,22,5),(536,'2015-08-21',82,6,22,5),(537,'0000-00-00',82,7,22,5),(538,'0000-00-00',82,8,22,5),(539,'0000-00-00',82,9,22,5),(540,'0000-00-00',82,10,22,5),(541,'2015-08-21',83,1,22,5),(542,'2015-08-21',83,2,22,5),(543,'2015-08-21',83,3,22,5),(544,'0000-00-00',83,4,22,5),(545,'2015-08-21',83,5,22,5),(546,'0000-00-00',83,6,22,5),(547,'2015-08-21',83,7,22,5),(548,'2015-08-21',83,8,22,5),(549,'2015-08-21',83,9,22,5),(550,'0000-00-00',83,10,22,5),(551,'2015-08-21',84,1,22,5),(552,'2015-08-21',84,2,22,5),(553,'2015-08-21',84,3,22,5),(554,'2015-08-21',84,4,22,5),(555,'0000-00-00',84,5,22,5),(556,'2015-08-21',84,6,22,5),(557,'0000-00-00',84,7,22,5),(558,'0000-00-00',84,8,22,5),(559,'0000-00-00',84,9,22,5),(560,'0000-00-00',84,10,22,5),(561,'2015-08-21',85,1,22,5),(562,'2015-08-21',85,2,22,5),(563,'2015-08-21',85,3,22,5),(564,'0000-00-00',85,4,22,5),(565,'0000-00-00',85,5,22,5),(566,'0000-00-00',85,6,22,5),(567,'0000-00-00',85,7,22,5),(568,'0000-00-00',85,8,22,5),(569,'0000-00-00',85,9,22,5),(570,'0000-00-00',85,10,22,5),(581,'2015-08-21',87,1,22,12),(582,'2015-08-21',87,2,22,12),(583,'2015-08-21',87,3,22,12),(584,'2015-08-21',87,4,22,12),(585,'2015-08-21',87,5,22,12),(586,'2015-08-21',87,6,22,12),(587,'0000-00-00',87,7,22,12),(588,'2015-08-21',87,8,22,12),(589,'2015-08-21',87,9,22,12),(590,'2015-08-21',87,10,22,12),(591,'2015-08-21',88,1,22,12),(592,'2015-08-21',88,2,22,12),(593,'2015-08-21',88,3,22,12),(594,'2015-08-21',88,4,22,12),(595,'2015-08-21',88,5,22,12),(596,'2015-08-21',88,6,22,12),(597,'0000-00-00',88,7,22,12),(598,'0000-00-00',88,8,22,12),(599,'0000-00-00',88,9,22,12),(600,'0000-00-00',88,10,22,12),(601,'0000-00-00',89,1,22,12),(602,'0000-00-00',89,2,22,12),(603,'0000-00-00',89,3,22,12),(604,'0000-00-00',89,4,22,12),(605,'0000-00-00',89,5,22,12),(606,'0000-00-00',89,6,22,12),(607,'0000-00-00',89,7,22,12),(608,'0000-00-00',89,8,22,12),(609,'0000-00-00',89,9,22,12),(610,'0000-00-00',89,10,22,12),(611,'0000-00-00',90,1,22,12),(612,'0000-00-00',90,2,22,12),(613,'0000-00-00',90,3,22,12),(614,'0000-00-00',90,4,22,12),(615,'0000-00-00',90,5,22,12),(616,'0000-00-00',90,6,22,12),(617,'0000-00-00',90,7,22,12),(618,'0000-00-00',90,8,22,12),(619,'2015-08-21',90,9,22,12),(620,'2015-08-21',90,10,22,12),(621,'2015-08-21',91,1,22,12),(622,'2015-08-21',91,2,22,12),(623,'2015-08-21',91,3,22,12),(624,'2015-08-21',91,4,22,12),(625,'2015-08-21',91,5,22,12),(626,'0000-00-00',91,6,22,12),(627,'0000-00-00',91,7,22,12),(628,'0000-00-00',91,8,22,12),(629,'0000-00-00',91,9,22,12),(630,'0000-00-00',91,10,22,12),(631,'2015-08-21',92,1,22,15),(632,'2015-08-21',92,2,22,15),(633,'2015-08-21',92,3,22,15),(634,'0000-00-00',92,4,22,15),(635,'2015-08-21',92,5,22,15),(636,'2015-08-21',92,6,22,15),(637,'0000-00-00',92,7,22,15),(638,'2015-08-21',92,8,22,15),(639,'0000-00-00',92,9,22,15),(640,'0000-00-00',92,10,22,15),(641,'2015-08-21',93,1,22,15),(642,'2015-08-21',93,2,22,15),(643,'2015-08-21',93,3,22,15),(644,'2015-08-21',93,4,22,15),(645,'2015-08-21',93,5,22,15),(646,'2015-08-21',93,6,22,15),(647,'0000-00-00',93,7,22,15),(648,'0000-00-00',93,8,22,15),(649,'0000-00-00',93,9,22,15),(650,'0000-00-00',93,10,22,15),(661,'2015-08-21',95,1,23,6),(662,'2015-08-21',95,2,23,6),(663,'2015-08-21',95,3,23,6),(664,'2015-08-21',95,4,23,6),(665,'0000-00-00',95,5,23,6),(666,'2015-08-21',95,6,23,6),(667,'2015-08-21',95,7,23,6),(668,'0000-00-00',95,8,23,6),(669,'0000-00-00',95,9,23,6),(670,'0000-00-00',95,10,23,6),(671,'2015-08-21',96,1,23,6),(672,'2015-08-21',96,2,23,6),(673,'0000-00-00',96,3,23,6),(674,'0000-00-00',96,4,23,6),(675,'0000-00-00',96,5,23,6),(676,'0000-00-00',96,6,23,6),(677,'0000-00-00',96,7,23,6),(678,'0000-00-00',96,8,23,6),(679,'0000-00-00',96,9,23,6),(680,'0000-00-00',96,10,23,6),(681,'2015-08-21',97,1,23,6),(682,'2015-08-21',97,2,23,6),(683,'2015-08-21',97,3,23,6),(684,'2015-08-21',97,4,23,6),(685,'2015-10-01',97,5,23,6),(686,'0000-00-00',97,6,23,6),(687,'0000-00-00',97,7,23,6),(688,'0000-00-00',97,8,23,6),(689,'0000-00-00',97,9,23,6),(690,'0000-00-00',97,10,23,6),(691,'2015-08-21',98,1,23,10),(692,'2015-08-21',98,2,23,10),(693,'2015-09-09',98,3,23,10),(694,'2015-08-21',98,4,23,10),(695,'2015-08-21',98,5,23,10),(696,'2015-08-21',98,6,23,10),(697,'0000-00-00',98,7,23,10),(698,'0000-00-00',98,8,23,10),(699,'0000-00-00',98,9,23,10),(700,'0000-00-00',98,10,23,10),(701,'0000-00-00',99,1,23,10),(702,'0000-00-00',99,2,23,10),(703,'0000-00-00',99,3,23,10),(704,'0000-00-00',99,4,23,10),(705,'0000-00-00',99,5,23,10),(706,'0000-00-00',99,6,23,10),(707,'0000-00-00',99,7,23,10),(708,'0000-00-00',99,8,23,10),(709,'0000-00-00',99,9,23,10),(710,'0000-00-00',99,10,23,10),(711,'2015-08-21',100,1,23,10),(712,'2015-08-21',100,2,23,10),(713,'2015-08-21',100,3,23,10),(714,'2015-08-21',100,4,23,10),(715,'2015-08-21',100,5,23,10),(716,'0000-00-00',100,6,23,10),(717,'0000-00-00',100,7,23,10),(718,'0000-00-00',100,8,23,10),(719,'0000-00-00',100,9,23,10),(720,'0000-00-00',100,10,23,10),(731,'2015-09-01',102,1,1,1),(732,'2015-09-01',102,2,1,1),(733,'2015-09-01',102,3,1,1),(734,'2015-09-01',102,4,1,1),(735,'2015-09-01',102,5,1,1),(736,'2015-09-01',102,6,1,1),(737,'2015-09-01',102,7,1,1),(738,'0000-00-00',102,8,1,1),(739,'0000-00-00',102,9,1,1),(740,'0000-00-00',102,10,1,1),(741,'2015-09-01',103,1,1,1),(742,'2015-09-01',103,2,1,1),(743,'2015-09-01',103,3,1,1),(744,'2015-09-01',103,4,1,1),(745,'2015-09-01',103,5,1,1),(746,'2015-09-01',103,6,1,1),(747,'2015-09-01',103,7,1,1),(748,'2015-09-01',103,8,1,1),(749,'0000-00-00',103,9,1,1),(750,'0000-00-00',103,10,1,1),(751,'2015-09-01',104,1,1,1),(752,'2015-09-01',104,2,1,1),(753,'2015-09-01',104,3,1,1),(754,'2015-09-01',104,4,1,1),(755,'0000-00-00',104,5,1,1),(756,'0000-00-00',104,6,1,1),(757,'0000-00-00',104,7,1,1),(758,'0000-00-00',104,8,1,1),(759,'0000-00-00',104,9,1,1),(760,'2015-09-11',104,10,1,1),(761,'2015-09-01',105,1,1,1),(762,'2015-09-01',105,2,1,1),(763,'2015-09-01',105,3,1,1),(764,'2015-09-01',105,4,1,1),(765,'2015-09-01',105,5,1,1),(766,'2015-09-01',105,6,1,1),(767,'2015-09-01',105,7,1,1),(768,'2015-09-01',105,8,1,1),(769,'2015-09-01',105,9,1,1),(770,'2015-09-01',105,10,1,1),(771,'2015-09-01',106,1,1,1),(772,'2015-09-01',106,2,1,1),(773,'2015-09-01',106,3,1,1),(774,'2015-09-01',106,4,1,1),(775,'2015-09-01',106,5,1,1),(776,'2015-09-01',106,6,1,1),(777,'2015-09-01',106,7,1,1),(778,'2015-09-01',106,8,1,1),(779,'2015-09-09',106,9,1,1),(780,'2015-09-09',106,10,1,1),(781,'2015-09-01',107,1,1,1),(782,'2015-09-01',107,2,1,1),(783,'2015-09-01',107,3,1,1),(784,'2015-09-01',107,4,1,1),(785,'2015-09-01',107,5,1,1),(786,'2015-09-01',107,6,1,1),(787,'2015-09-11',107,7,1,1),(788,'2015-09-11',107,8,1,1),(789,'2015-09-11',107,9,1,1),(790,'2015-09-09',107,10,1,1),(791,'2015-09-01',108,1,1,3),(792,'2015-09-01',108,2,1,3),(793,'2015-09-01',108,3,1,3),(794,'2015-09-01',108,4,1,3),(795,'2015-09-01',108,5,1,3),(796,'2015-09-01',108,6,1,3),(797,'2015-09-01',108,7,1,3),(798,'0000-00-00',108,8,1,3),(799,'0000-00-00',108,9,1,3),(800,'0000-00-00',108,10,1,3),(801,'2015-09-01',109,1,1,3),(802,'2015-09-01',109,2,1,3),(803,'2015-09-01',109,3,1,3),(804,'2015-09-01',109,4,1,3),(805,'2015-09-01',109,5,1,3),(806,'2015-09-01',109,6,1,3),(807,'2015-09-01',109,7,1,3),(808,'0000-00-00',109,8,1,3),(809,'0000-00-00',109,9,1,3),(810,'0000-00-00',109,10,1,3),(811,'2015-09-01',110,1,1,3),(812,'2015-09-01',110,2,1,3),(813,'2015-09-01',110,3,1,3),(814,'2015-09-01',110,4,1,3),(815,'2015-09-01',110,5,1,3),(816,'2015-09-01',110,6,1,3),(817,'0000-00-00',110,7,1,3),(818,'0000-00-00',110,8,1,3),(819,'0000-00-00',110,9,1,3),(820,'0000-00-00',110,10,1,3),(821,'2015-09-01',111,1,1,3),(822,'2015-09-01',111,2,1,3),(823,'2015-09-01',111,3,1,3),(824,'2015-09-01',111,4,1,3),(825,'2015-09-01',111,5,1,3),(826,'2015-09-01',111,6,1,3),(827,'2015-09-01',111,7,1,3),(828,'2015-09-01',111,8,1,3),(829,'0000-00-00',111,9,1,3),(830,'0000-00-00',111,10,1,3),(831,'2015-09-01',112,1,1,3),(832,'2015-09-01',112,2,1,3),(833,'2015-09-01',112,3,1,3),(834,'2015-09-01',112,4,1,3),(835,'2015-09-01',112,5,1,3),(836,'2015-09-01',112,6,1,3),(837,'0000-00-00',112,7,1,3),(838,'0000-00-00',112,8,1,3),(839,'0000-00-00',112,9,1,3),(840,'0000-00-00',112,10,1,3),(841,'2015-09-01',113,1,1,3),(842,'2015-09-01',113,2,1,3),(843,'2015-09-01',113,3,1,3),(844,'0000-00-00',113,4,1,3),(845,'0000-00-00',113,5,1,3),(846,'0000-00-00',113,6,1,3),(847,'0000-00-00',113,7,1,3),(848,'0000-00-00',113,8,1,3),(849,'0000-00-00',113,9,1,3),(850,'0000-00-00',113,10,1,3),(851,'2015-09-01',114,1,1,7),(852,'2015-09-01',114,2,1,7),(853,'2015-09-01',114,3,1,7),(854,'2015-09-01',114,4,1,7),(855,'2015-09-01',114,5,1,7),(856,'2015-09-01',114,6,1,7),(857,'2015-09-01',114,7,1,7),(858,'2015-09-01',114,8,1,7),(859,'0000-00-00',114,9,1,7),(860,'0000-00-00',114,10,1,7),(861,'2015-09-01',115,1,1,7),(862,'2015-09-01',115,2,1,7),(863,'0000-00-00',115,3,1,7),(864,'0000-00-00',115,4,1,7),(865,'0000-00-00',115,5,1,7),(866,'0000-00-00',115,6,1,7),(867,'0000-00-00',115,7,1,7),(868,'0000-00-00',115,8,1,7),(869,'0000-00-00',115,9,1,7),(870,'0000-00-00',115,10,1,7),(871,'2015-09-01',116,1,1,7),(872,'2015-09-01',116,2,1,7),(873,'2015-09-01',116,3,1,7),(874,'2015-09-01',116,4,1,7),(875,'2015-09-01',116,5,1,7),(876,'2015-09-01',116,6,1,7),(877,'2015-09-01',116,7,1,7),(878,'2015-09-01',116,8,1,7),(879,'2015-09-01',116,9,1,7),(880,'2015-09-11',116,10,1,7),(881,'2015-09-01',117,1,1,7),(882,'2015-09-01',117,2,1,7),(883,'2015-09-01',117,3,1,7),(884,'2015-09-01',117,4,1,7),(885,'2015-09-01',117,5,1,7),(886,'2015-09-01',117,6,1,7),(887,'0000-00-00',117,7,1,7),(888,'0000-00-00',117,8,1,7),(889,'0000-00-00',117,9,1,7),(890,'0000-00-00',117,10,1,7),(891,'2015-09-01',118,1,1,7),(892,'2015-09-01',118,2,1,7),(893,'2015-09-01',118,3,1,7),(894,'0000-00-00',118,4,1,7),(895,'0000-00-00',118,5,1,7),(896,'0000-00-00',118,6,1,7),(897,'0000-00-00',118,7,1,7),(898,'2015-09-10',118,8,1,7),(899,'0000-00-00',118,9,1,7),(900,'0000-00-00',118,10,1,7),(901,'2015-09-01',119,1,1,7),(902,'2015-09-01',119,2,1,7),(903,'2015-09-01',119,3,1,7),(904,'2015-09-01',119,4,1,7),(905,'2015-09-12',119,5,1,7),(906,'0000-00-00',119,6,1,7),(907,'0000-00-00',119,7,1,7),(908,'0000-00-00',119,8,1,7),(909,'0000-00-00',119,9,1,7),(910,'0000-00-00',119,10,1,7),(911,'2015-09-01',120,1,1,8),(912,'2015-09-01',120,2,1,8),(913,'2015-09-01',120,3,1,8),(914,'2015-09-01',120,4,1,8),(915,'2015-09-01',120,5,1,8),(916,'2015-09-01',120,6,1,8),(917,'2015-09-01',120,7,1,8),(918,'2015-09-01',120,8,1,8),(919,'2015-09-01',120,9,1,8),(920,'2015-09-01',120,10,1,8),(921,'2015-09-01',121,1,1,8),(922,'2015-09-01',121,2,1,8),(923,'2015-09-01',121,3,1,8),(924,'2015-09-01',121,4,1,8),(925,'2015-09-01',121,5,1,8),(926,'2015-09-01',121,6,1,8),(927,'0000-00-00',121,7,1,8),(928,'0000-00-00',121,8,1,8),(929,'0000-00-00',121,9,1,8),(930,'0000-00-00',121,10,1,8),(931,'2015-09-01',122,1,1,8),(932,'2015-09-01',122,2,1,8),(933,'2015-09-01',122,3,1,8),(934,'2015-09-01',122,4,1,8),(935,'2015-09-27',122,5,1,8),(936,'0000-00-00',122,6,1,8),(937,'0000-00-00',122,7,1,8),(938,'0000-00-00',122,8,1,8),(939,'0000-00-00',122,9,1,8),(940,'0000-00-00',122,10,1,8),(941,'2015-09-01',123,1,1,8),(942,'2015-09-01',123,2,1,8),(943,'2015-09-09',123,3,1,8),(944,'2015-09-09',123,4,1,8),(945,'2015-10-01',123,5,1,8),(946,'2015-10-01',123,6,1,8),(947,'2015-10-01',123,7,1,8),(948,'2015-10-01',123,8,1,8),(949,'2015-10-01',123,9,1,8),(950,'2015-09-10',123,10,1,8),(951,'2015-09-01',124,1,1,8),(952,'2015-09-01',124,2,1,8),(953,'2015-09-01',124,3,1,8),(954,'2015-09-01',124,4,1,8),(955,'2015-09-01',124,5,1,8),(956,'0000-00-00',124,6,1,8),(957,'0000-00-00',124,7,1,8),(958,'0000-00-00',124,8,1,8),(959,'0000-00-00',124,9,1,8),(960,'0000-00-00',124,10,1,8),(961,'2015-09-01',125,1,2,2),(962,'2015-09-01',125,2,2,2),(963,'2015-09-01',125,3,2,2),(964,'2015-09-01',125,4,2,2),(965,'2015-09-01',125,5,2,2),(966,'2015-09-01',125,6,2,2),(967,'0000-00-00',125,7,2,2),(968,'0000-00-00',125,8,2,2),(969,'0000-00-00',125,9,2,2),(970,'0000-00-00',125,10,2,2),(971,'2015-09-01',126,1,2,2),(972,'2015-09-01',126,2,2,2),(973,'2015-09-01',126,3,2,2),(974,'2015-09-01',126,4,2,2),(975,'0000-00-00',126,5,2,2),(976,'0000-00-00',126,6,2,2),(977,'0000-00-00',126,7,2,2),(978,'0000-00-00',126,8,2,2),(979,'0000-00-00',126,9,2,2),(980,'0000-00-00',126,10,2,2),(981,'2015-09-01',127,1,2,2),(982,'0000-00-00',127,2,2,2),(983,'2015-09-01',127,3,2,2),(984,'2015-09-01',127,4,2,2),(985,'2015-09-01',127,5,2,2),(986,'2015-09-01',127,6,2,2),(987,'0000-00-00',127,7,2,2),(988,'0000-00-00',127,8,2,2),(989,'0000-00-00',127,9,2,2),(990,'0000-00-00',127,10,2,2),(991,'2015-09-01',128,1,2,2),(992,'2015-09-01',128,2,2,2),(993,'2015-09-01',128,3,2,2),(994,'2015-09-01',128,4,2,2),(995,'2015-09-01',128,5,2,2),(996,'0000-00-00',128,6,2,2),(997,'0000-00-00',128,7,2,2),(998,'0000-00-00',128,8,2,2),(999,'0000-00-00',128,9,2,2),(1000,'0000-00-00',128,10,2,2),(1001,'2015-09-01',129,1,2,9),(1002,'2015-09-01',129,2,2,9),(1003,'2015-09-01',129,3,2,9),(1004,'2015-09-01',129,4,2,9),(1005,'2015-09-01',129,5,2,9),(1006,'2015-09-01',129,6,2,9),(1007,'2015-09-01',129,7,2,9),(1008,'0000-00-00',129,8,2,9),(1009,'0000-00-00',129,9,2,9),(1010,'0000-00-00',129,10,2,9),(1011,'2015-09-01',130,1,2,9),(1012,'2015-09-01',130,2,2,9),(1013,'2015-09-01',130,3,2,9),(1014,'2015-09-01',130,4,2,9),(1015,'2015-09-01',130,5,2,9),(1016,'2015-09-01',130,6,2,9),(1017,'0000-00-00',130,7,2,9),(1018,'0000-00-00',130,8,2,9),(1019,'0000-00-00',130,9,2,9),(1020,'0000-00-00',130,10,2,9),(1021,'2015-09-01',131,1,2,9),(1022,'2015-09-01',131,2,2,9),(1023,'2015-09-01',131,3,2,9),(1024,'2015-09-01',131,4,2,9),(1025,'2015-09-01',131,5,2,9),(1026,'0000-00-00',131,6,2,9),(1027,'0000-00-00',131,7,2,9),(1028,'0000-00-00',131,8,2,9),(1029,'0000-00-00',131,9,2,9),(1030,'0000-00-00',131,10,2,9),(1031,'2015-09-01',132,1,2,9),(1032,'2015-09-01',132,2,2,9),(1033,'2015-09-01',132,3,2,9),(1034,'2015-09-09',132,4,2,9),(1035,'2015-09-09',132,5,2,9),(1036,'0000-00-00',132,6,2,9),(1037,'0000-00-00',132,7,2,9),(1038,'0000-00-00',132,8,2,9),(1039,'0000-00-00',132,9,2,9),(1040,'0000-00-00',132,10,2,9),(1041,'2015-09-01',133,1,2,9),(1042,'2015-09-01',133,2,2,9),(1043,'2015-09-01',133,3,2,9),(1044,'2015-09-01',133,4,2,9),(1045,'2015-09-01',133,5,2,9),(1046,'2015-09-01',133,6,2,9),(1047,'2015-09-01',133,7,2,9),(1048,'2015-09-01',133,8,2,9),(1049,'0000-00-00',133,9,2,9),(1050,'0000-00-00',133,10,2,9),(1051,'2015-09-01',134,1,2,9),(1052,'2015-09-01',134,2,2,9),(1053,'2015-09-09',134,3,2,9),(1054,'2015-09-01',134,4,2,9),(1055,'2015-09-01',134,5,2,9),(1056,'2015-09-01',134,6,2,9),(1057,'0000-00-00',134,7,2,9),(1058,'0000-00-00',134,8,2,9),(1059,'0000-00-00',134,9,2,9),(1060,'0000-00-00',134,10,2,9),(1061,'2015-09-01',135,1,2,2),(1062,'2015-09-01',135,2,2,2),(1063,'2015-09-01',135,3,2,2),(1064,'0000-00-00',135,4,2,2),(1065,'0000-00-00',135,5,2,2),(1066,'0000-00-00',135,6,2,2),(1067,'0000-00-00',135,7,2,2),(1068,'0000-00-00',135,8,2,2),(1069,'0000-00-00',135,9,2,2),(1070,'0000-00-00',135,10,2,2),(1071,'2015-09-01',136,1,2,13),(1072,'2015-09-01',136,2,2,13),(1073,'2015-09-01',136,3,2,13),(1074,'2015-09-01',136,4,2,13),(1075,'2015-09-01',136,5,2,13),(1076,'2015-09-01',136,6,2,13),(1077,'2015-09-01',136,7,2,13),(1078,'2015-09-01',136,8,2,13),(1079,'2015-09-01',136,9,2,13),(1080,'0000-00-00',136,10,2,13),(1081,'2015-09-01',137,1,2,13),(1082,'2015-09-01',137,2,2,13),(1083,'2015-09-01',137,3,2,13),(1084,'2015-09-01',137,4,2,13),(1085,'0000-00-00',137,5,2,13),(1086,'0000-00-00',137,6,2,13),(1087,'0000-00-00',137,7,2,13),(1088,'0000-00-00',137,8,2,13),(1089,'0000-00-00',137,9,2,13),(1090,'0000-00-00',137,10,2,13),(1091,'2015-09-01',138,1,2,13),(1092,'2015-09-01',138,2,2,13),(1093,'2015-09-01',138,3,2,13),(1094,'2015-09-01',138,4,2,13),(1095,'2015-09-01',138,5,2,13),(1096,'0000-00-00',138,6,2,13),(1097,'0000-00-00',138,7,2,13),(1098,'0000-00-00',138,8,2,13),(1099,'0000-00-00',138,9,2,13),(1100,'0000-00-00',138,10,2,13),(1101,'2015-09-01',139,1,2,13),(1102,'2015-09-01',139,2,2,13),(1103,'2015-09-01',139,3,2,13),(1104,'2015-09-01',139,4,2,13),(1105,'2015-09-01',139,5,2,13),(1106,'2015-09-01',139,6,2,13),(1107,'2015-09-01',139,7,2,13),(1108,'2015-09-01',139,8,2,13),(1109,'2015-09-01',139,9,2,13),(1110,'2015-09-01',139,10,2,13),(1111,'2015-09-01',140,1,2,13),(1112,'2015-09-01',140,2,2,13),(1113,'2015-09-01',140,3,2,13),(1114,'2015-09-09',140,4,2,13),(1115,'0000-00-00',140,5,2,13),(1116,'0000-00-00',140,6,2,13),(1117,'0000-00-00',140,7,2,13),(1118,'0000-00-00',140,8,2,13),(1119,'0000-00-00',140,9,2,13),(1120,'0000-00-00',140,10,2,13),(1121,'2015-09-01',141,1,2,14),(1122,'2015-09-01',141,2,2,14),(1123,'2015-09-01',141,3,2,14),(1124,'2015-09-01',141,4,2,14),(1125,'2015-09-01',141,5,2,14),(1126,'2015-09-01',141,6,2,14),(1127,'2015-09-01',141,7,2,14),(1128,'0000-00-00',141,8,2,14),(1129,'2015-09-01',141,9,2,14),(1130,'2015-09-16',141,10,1,14),(1131,'2015-09-01',142,1,2,14),(1132,'2015-09-01',142,2,2,14),(1133,'2015-09-01',142,3,2,14),(1134,'2015-09-01',142,4,2,14),(1135,'0000-00-00',142,5,2,14),(1136,'2015-09-01',142,6,2,14),(1137,'2015-09-01',142,7,2,14),(1138,'0000-00-00',142,8,2,14),(1139,'2015-09-17',142,9,1,14),(1140,'2015-09-16',142,10,1,14),(1141,'2015-09-01',143,1,2,14),(1142,'2015-09-01',143,2,2,14),(1143,'2015-09-01',143,3,2,14),(1144,'0000-00-00',143,4,2,14),(1145,'0000-00-00',143,5,2,14),(1146,'0000-00-00',143,6,2,14),(1147,'0000-00-00',143,7,2,14),(1148,'0000-00-00',143,8,2,14),(1149,'0000-00-00',143,9,2,14),(1150,'0000-00-00',143,10,2,14),(1151,'2015-09-01',144,1,2,14),(1152,'2015-09-01',144,2,2,14),(1153,'2015-09-01',144,3,2,14),(1154,'2015-09-01',144,4,2,14),(1155,'2015-09-01',144,5,2,14),(1156,'0000-00-00',144,6,2,14),(1157,'0000-00-00',144,7,2,14),(1158,'0000-00-00',144,8,2,14),(1159,'0000-00-00',144,9,2,14),(1160,'0000-00-00',144,10,2,14),(1161,'2015-09-03',145,1,22,4),(1162,'2015-09-03',145,2,22,4),(1163,'2015-09-03',145,3,22,4),(1164,'2015-09-03',145,4,22,4),(1165,'2015-09-03',145,5,22,4),(1166,'2015-09-03',145,6,22,4),(1167,'2015-09-03',145,7,22,4),(1168,'0000-00-00',145,8,22,4),(1169,'0000-00-00',145,9,22,4),(1170,'0000-00-00',145,10,22,4),(1171,'2015-09-03',146,1,22,4),(1172,'2015-09-03',146,2,22,4),(1173,'2015-09-03',146,3,22,4),(1174,'2015-09-03',146,4,22,4),(1175,'2015-09-03',146,5,22,4),(1176,'2015-09-03',146,6,22,4),(1177,'2015-09-03',146,7,22,4),(1178,'2015-09-03',146,8,22,4),(1179,'2015-09-03',146,9,22,4),(1180,'2015-09-03',146,10,22,4),(1181,'2015-09-03',147,1,22,4),(1182,'2015-09-03',147,2,22,4),(1183,'2015-09-03',147,3,22,4),(1184,'0000-00-00',147,4,22,4),(1185,'0000-00-00',147,5,22,4),(1186,'0000-00-00',147,6,22,4),(1187,'0000-00-00',147,7,22,4),(1188,'0000-00-00',147,8,22,4),(1189,'0000-00-00',147,9,22,4),(1190,'0000-00-00',147,10,22,4),(1191,'2015-09-03',148,1,22,4),(1192,'2015-09-03',148,2,22,4),(1193,'2015-09-03',148,3,22,4),(1194,'2015-09-03',148,4,22,4),(1195,'2015-09-03',148,5,22,4),(1196,'2015-09-03',148,6,22,4),(1197,'2015-09-03',148,7,22,4),(1198,'0000-00-00',148,8,22,4),(1199,'0000-00-00',148,9,22,4),(1200,'0000-00-00',148,10,22,4),(1201,'2015-09-03',149,1,22,4),(1202,'2015-09-03',149,2,22,4),(1203,'2015-09-03',149,3,22,4),(1204,'2015-09-03',149,4,22,4),(1205,'2015-09-03',149,5,22,4),(1206,'0000-00-00',149,6,22,4),(1207,'0000-00-00',149,7,22,4),(1208,'0000-00-00',149,8,22,4),(1209,'0000-00-00',149,9,22,4),(1210,'0000-00-00',149,10,22,4),(1211,'2015-09-03',150,1,22,4),(1212,'2015-09-03',150,2,22,4),(1213,'2015-09-03',150,3,22,4),(1214,'2015-09-03',150,4,22,4),(1215,'2015-09-03',150,5,22,4),(1216,'0000-00-00',150,6,22,4),(1217,'0000-00-00',150,7,22,4),(1218,'0000-00-00',150,8,22,4),(1219,'0000-00-00',150,9,22,4),(1220,'0000-00-00',150,10,22,4),(1221,'2015-09-03',151,1,22,5),(1222,'2015-09-03',151,2,22,5),(1223,'2015-09-03',151,3,22,5),(1224,'2015-09-03',151,4,22,5),(1225,'2015-09-03',151,5,22,5),(1226,'2015-09-03',151,6,22,5),(1227,'2015-09-03',151,7,22,5),(1228,'2015-09-03',151,8,22,5),(1229,'2015-09-03',151,9,22,5),(1230,'0000-00-00',151,10,22,5),(1231,'2015-09-03',152,1,22,5),(1232,'2015-09-03',152,2,22,5),(1233,'2015-09-03',152,3,22,5),(1234,'2015-09-03',152,4,22,5),(1235,'2015-09-03',152,5,22,5),(1236,'2015-09-03',152,6,22,5),(1237,'0000-00-00',152,7,22,5),(1238,'0000-00-00',152,8,22,5),(1239,'0000-00-00',152,9,22,5),(1240,'0000-00-00',152,10,22,5),(1241,'2015-09-03',153,1,22,5),(1242,'2015-09-03',153,2,22,5),(1243,'2015-09-03',153,3,22,5),(1244,'2015-09-03',153,4,22,5),(1245,'2015-09-03',153,5,22,5),(1246,'2015-09-03',153,6,22,5),(1247,'2015-09-03',153,7,22,5),(1248,'2015-09-03',153,8,22,5),(1249,'0000-00-00',153,9,22,5),(1250,'0000-00-00',153,10,22,5),(1251,'2015-09-03',154,1,22,5),(1252,'2015-09-03',154,2,22,5),(1253,'2015-09-03',154,3,22,5),(1254,'2015-09-03',154,4,22,5),(1255,'2015-09-03',154,5,22,5),(1256,'2015-09-03',154,6,22,5),(1257,'2015-09-03',154,7,22,5),(1258,'0000-00-00',154,8,22,5),(1259,'0000-00-00',154,9,22,5),(1260,'0000-00-00',154,10,22,5),(1261,'2015-09-03',155,1,22,5),(1262,'2015-09-03',155,2,22,5),(1263,'2015-09-03',155,3,22,5),(1264,'2015-09-03',155,4,22,5),(1265,'0000-00-00',155,5,22,5),(1266,'0000-00-00',155,6,22,5),(1267,'0000-00-00',155,7,22,5),(1268,'0000-00-00',155,8,22,5),(1269,'0000-00-00',155,9,22,5),(1270,'0000-00-00',155,10,22,5),(1271,'2015-09-03',156,1,22,5),(1272,'2015-09-03',156,2,22,5),(1273,'2015-09-03',156,3,22,5),(1274,'0000-00-00',156,4,22,5),(1275,'0000-00-00',156,5,22,5),(1276,'0000-00-00',156,6,22,5),(1277,'0000-00-00',156,7,22,5),(1278,'0000-00-00',156,8,22,5),(1279,'0000-00-00',156,9,22,5),(1280,'0000-00-00',156,10,22,5),(1281,'2015-09-03',157,1,22,12),(1282,'2015-09-03',157,2,22,12),(1283,'2015-09-03',157,3,22,12),(1284,'2015-09-03',157,4,22,12),(1285,'2015-09-03',157,5,22,12),(1286,'2015-09-03',157,6,22,12),(1287,'2015-09-03',157,7,22,12),(1288,'2015-09-03',157,8,22,12),(1289,'0000-00-00',157,9,22,12),(1290,'0000-00-00',157,10,22,12),(1291,'2015-09-03',158,1,22,12),(1292,'2015-09-03',158,2,22,12),(1293,'2015-09-03',158,3,22,12),(1294,'2015-09-03',158,4,22,12),(1295,'2015-09-03',158,5,22,12),(1296,'2015-09-03',158,6,22,12),(1297,'2015-09-03',158,7,22,12),(1298,'2015-09-03',158,8,22,12),(1299,'2015-09-03',158,9,22,12),(1300,'2015-09-03',158,10,22,12),(1301,'2015-09-03',159,1,22,12),(1302,'2015-09-03',159,2,22,12),(1303,'2015-09-03',159,3,22,12),(1304,'2015-09-03',159,4,22,12),(1305,'2015-09-03',159,5,22,12),(1306,'0000-00-00',159,6,22,12),(1307,'0000-00-00',159,7,22,12),(1308,'0000-00-00',159,8,22,12),(1309,'0000-00-00',159,9,22,12),(1310,'0000-00-00',159,10,22,12),(1311,'2015-09-03',160,1,22,12),(1312,'2015-09-03',160,2,22,12),(1313,'2015-09-03',160,3,22,12),(1314,'2015-09-03',160,4,22,12),(1315,'2015-09-03',160,5,22,12),(1316,'2015-09-03',160,6,22,12),(1317,'2015-09-03',160,7,22,12),(1318,'0000-00-00',160,8,22,12),(1319,'0000-00-00',160,9,22,12),(1320,'0000-00-00',160,10,22,12),(1321,'2015-09-03',161,1,22,12),(1322,'2015-09-03',161,2,22,12),(1323,'2015-09-03',161,3,22,12),(1324,'2015-09-03',161,4,22,12),(1325,'0000-00-00',161,5,22,12),(1326,'0000-00-00',161,6,22,12),(1327,'0000-00-00',161,7,22,12),(1328,'0000-00-00',161,8,22,12),(1329,'0000-00-00',161,9,22,12),(1330,'0000-00-00',161,10,22,12),(1331,'2015-09-03',162,1,22,12),(1332,'2015-09-03',162,2,22,12),(1333,'2015-09-03',162,3,22,12),(1334,'2015-09-03',162,4,22,12),(1335,'2015-09-03',162,5,22,12),(1336,'0000-00-00',162,6,22,12),(1337,'0000-00-00',162,7,22,12),(1338,'0000-00-00',162,8,22,12),(1339,'0000-00-00',162,9,22,12),(1340,'0000-00-00',162,10,22,12),(1341,'2015-09-03',163,1,22,15),(1342,'2015-09-03',163,2,22,15),(1343,'2015-09-03',163,3,22,15),(1344,'2015-09-03',163,4,22,15),(1345,'2015-09-03',163,5,22,15),(1346,'2015-09-03',163,6,22,15),(1347,'0000-00-00',163,7,22,15),(1348,'0000-00-00',163,8,22,15),(1349,'0000-00-00',163,9,22,15),(1350,'0000-00-00',163,10,22,15),(1351,'2015-09-03',164,1,22,15),(1352,'2015-09-03',164,2,22,15),(1353,'2015-09-03',164,3,22,15),(1354,'0000-00-00',164,4,22,15),(1355,'0000-00-00',164,5,22,15),(1356,'0000-00-00',164,6,22,15),(1357,'0000-00-00',164,7,22,15),(1358,'0000-00-00',164,8,22,15),(1359,'0000-00-00',164,9,22,15),(1360,'0000-00-00',164,10,22,15),(1361,'2015-09-03',165,1,22,15),(1362,'2015-09-03',165,2,22,15),(1363,'2015-09-03',165,3,22,15),(1364,'2015-09-03',165,4,22,15),(1365,'2015-09-03',165,5,22,15),(1366,'2015-09-03',165,6,22,15),(1367,'2015-09-03',165,7,22,15),(1368,'2015-09-03',165,8,22,15),(1369,'0000-00-00',165,9,22,15),(1370,'0000-00-00',165,10,22,15),(1371,'2015-09-03',166,1,22,15),(1372,'2015-09-03',166,2,22,15),(1373,'2015-09-03',166,3,22,15),(1374,'0000-00-00',166,4,22,15),(1375,'2015-09-03',166,5,22,15),(1376,'2015-09-03',166,6,22,15),(1377,'0000-00-00',166,7,22,15),(1378,'0000-00-00',166,8,22,15),(1379,'0000-00-00',166,9,22,15),(1380,'0000-00-00',166,10,22,15),(1381,'2015-09-03',167,1,22,15),(1382,'2015-09-03',167,2,22,15),(1383,'2015-09-03',167,3,22,15),(1384,'2015-09-03',167,4,22,15),(1385,'2015-09-03',167,5,22,15),(1386,'2015-09-03',167,6,22,15),(1387,'0000-00-00',167,7,22,15),(1388,'0000-00-00',167,8,22,15),(1389,'0000-00-00',167,9,22,15),(1390,'0000-00-00',167,10,22,15),(1391,'2015-09-03',168,1,22,15),(1392,'2015-09-03',168,2,22,15),(1393,'2015-09-03',168,3,22,15),(1394,'0000-00-00',168,4,22,15),(1395,'0000-00-00',168,5,22,15),(1396,'0000-00-00',168,6,22,15),(1397,'0000-00-00',168,7,22,15),(1398,'0000-00-00',168,8,22,15),(1399,'0000-00-00',168,9,22,15),(1400,'0000-00-00',168,10,22,15),(1401,'2015-09-03',169,1,22,15),(1402,'2015-09-03',169,2,22,15),(1403,'2015-09-03',169,3,22,15),(1404,'2015-09-03',169,4,22,15),(1405,'2015-09-03',169,5,22,15),(1406,'0000-00-00',169,6,22,15),(1407,'0000-00-00',169,7,22,15),(1408,'0000-00-00',169,8,22,15),(1409,'0000-00-00',169,9,22,15),(1410,'0000-00-00',169,10,22,15),(1411,'2015-09-03',170,1,22,15),(1412,'2015-09-03',170,2,22,15),(1413,'2015-09-03',170,3,22,15),(1414,'2015-09-03',170,4,22,15),(1415,'2015-09-03',170,5,22,15),(1416,'2015-09-03',170,6,22,15),(1417,'2015-09-03',170,7,22,15),(1418,'0000-00-00',170,8,22,15),(1419,'0000-00-00',170,9,22,15),(1420,'0000-00-00',170,10,22,15),(1421,'2015-09-03',171,1,23,6),(1422,'2015-09-03',171,2,23,6),(1423,'2015-09-03',171,3,23,6),(1424,'2015-09-03',171,4,23,6),(1425,'2015-09-03',171,5,23,6),(1426,'2015-09-03',171,6,23,6),(1427,'2015-09-03',171,7,23,6),(1428,'2015-09-03',171,8,23,6),(1429,'2015-09-03',171,9,23,6),(1430,'0000-00-00',171,10,23,6),(1431,'2015-09-03',172,1,23,6),(1432,'2015-09-03',172,2,23,6),(1433,'2015-09-03',172,3,23,6),(1434,'2015-09-03',172,4,23,6),(1435,'2015-09-03',172,5,23,6),(1436,'2015-09-03',172,6,23,6),(1437,'2015-09-03',172,7,23,6),(1438,'2015-09-03',172,8,23,6),(1439,'2015-09-03',172,9,23,6),(1440,'2015-09-03',172,10,23,6),(1441,'2015-09-03',173,1,23,6),(1442,'2015-09-03',173,2,23,6),(1443,'2015-09-03',173,3,23,6),(1444,'2015-09-03',173,4,23,6),(1445,'2015-09-03',173,5,23,6),(1446,'2015-09-03',173,6,23,6),(1447,'2015-09-03',173,7,23,6),(1448,'0000-00-00',173,8,23,6),(1449,'0000-00-00',173,9,23,6),(1450,'0000-00-00',173,10,23,6),(1451,'2015-09-03',174,1,23,6),(1452,'2015-09-03',174,2,23,6),(1453,'2015-09-03',174,3,23,6),(1454,'2015-09-03',174,4,23,6),(1455,'2015-09-03',174,5,23,6),(1456,'0000-00-00',174,6,23,6),(1457,'0000-00-00',174,7,23,6),(1458,'0000-00-00',174,8,23,6),(1459,'0000-00-00',174,9,23,6),(1460,'0000-00-00',174,10,23,6),(1461,'2015-09-03',175,1,23,6),(1462,'2015-09-03',175,2,23,6),(1463,'2015-09-03',175,3,23,6),(1464,'2015-09-03',175,4,23,6),(1465,'2015-09-03',175,5,23,6),(1466,'2015-09-03',175,6,23,6),(1467,'2015-09-03',175,7,23,6),(1468,'2015-09-03',175,8,23,6),(1469,'2015-09-03',175,9,23,6),(1470,'2015-09-03',175,10,23,6),(1471,'2015-09-03',176,1,23,6),(1472,'2015-09-03',176,2,23,6),(1473,'2015-09-03',176,3,23,6),(1474,'2015-09-03',176,4,23,6),(1475,'2015-09-03',176,5,23,6),(1476,'2015-09-03',176,6,23,6),(1477,'2015-09-03',176,7,23,6),(1478,'0000-00-00',176,8,23,6),(1479,'0000-00-00',176,9,23,6),(1480,'0000-00-00',176,10,23,6),(1481,'2015-09-03',177,1,23,6),(1482,'2015-09-03',177,2,23,6),(1483,'2015-09-03',177,3,23,6),(1484,'2015-09-03',177,4,23,6),(1485,'2015-09-03',177,5,23,6),(1486,'2015-09-03',177,6,23,6),(1487,'2015-09-03',177,7,23,6),(1488,'2015-09-03',177,8,23,6),(1489,'2015-09-03',177,9,23,6),(1490,'0000-00-00',177,10,23,6),(1491,'2015-09-03',178,1,23,10),(1492,'2015-09-03',178,2,23,10),(1493,'2015-09-03',178,3,23,10),(1494,'0000-00-00',178,4,23,10),(1495,'0000-00-00',178,5,23,10),(1496,'0000-00-00',178,6,23,10),(1497,'0000-00-00',178,7,23,10),(1498,'0000-00-00',178,8,23,10),(1499,'0000-00-00',178,9,23,10),(1500,'0000-00-00',178,10,23,10),(1501,'2015-09-03',179,1,23,10),(1502,'2015-09-03',179,2,23,10),(1503,'2015-09-03',179,3,23,10),(1504,'0000-00-00',179,4,23,10),(1505,'0000-00-00',179,5,23,10),(1506,'0000-00-00',179,6,23,10),(1507,'0000-00-00',179,7,23,10),(1508,'0000-00-00',179,8,23,10),(1509,'0000-00-00',179,9,23,10),(1510,'0000-00-00',179,10,23,10),(1511,'2015-09-03',180,1,23,10),(1512,'2015-09-03',180,2,23,10),(1513,'2015-09-03',180,3,23,10),(1514,'2015-09-03',180,4,23,10),(1515,'2015-09-03',180,5,23,10),(1516,'2015-09-03',180,6,23,10),(1517,'0000-00-00',180,7,23,10),(1518,'0000-00-00',180,8,23,10),(1519,'0000-00-00',180,9,23,10),(1520,'2015-09-14',180,10,23,10),(1521,'2015-09-03',181,1,23,10),(1522,'2015-09-03',181,2,23,10),(1523,'2015-09-03',181,3,23,10),(1524,'2015-09-03',181,4,23,10),(1525,'2015-09-03',181,5,23,10),(1526,'2015-09-03',181,6,23,10),(1527,'0000-00-00',181,7,23,10),(1528,'0000-00-00',181,8,23,10),(1529,'0000-00-00',181,9,23,10),(1530,'0000-00-00',181,10,23,10),(1531,'2015-09-03',182,1,23,10),(1532,'2015-09-03',182,2,23,10),(1533,'2015-09-03',182,3,23,10),(1534,'2015-09-03',182,4,23,10),(1535,'2015-09-03',182,5,23,10),(1536,'2015-09-03',182,6,23,10),(1537,'2015-09-03',182,7,23,10),(1538,'0000-00-00',182,8,23,10),(1539,'0000-00-00',182,9,23,10),(1540,'0000-00-00',182,10,23,10),(1541,'2015-09-03',183,1,23,10),(1542,'2015-09-03',183,2,23,10),(1543,'2015-09-03',183,3,23,10),(1544,'2015-09-03',183,4,23,10),(1545,'2015-09-03',183,5,23,10),(1546,'2015-09-03',183,6,23,10),(1547,'2015-09-03',183,7,23,10),(1548,'2015-09-03',183,8,23,10),(1549,'2015-09-03',183,9,23,10),(1550,'2015-09-03',183,10,23,10),(1551,'2015-09-03',184,1,23,10),(1552,'2015-09-03',184,2,23,10),(1553,'2015-09-03',184,3,23,10),(1554,'2015-09-03',184,4,23,10),(1555,'2015-09-09',184,5,23,10),(1556,'0000-00-00',184,6,23,10),(1557,'0000-00-00',184,7,23,10),(1558,'0000-00-00',184,8,23,10),(1559,'0000-00-00',184,9,23,10),(1560,'0000-00-00',184,10,23,10),(1561,'2015-09-03',185,1,23,11),(1562,'2015-09-03',185,2,23,11),(1563,'2015-09-03',185,3,23,11),(1564,'2015-09-03',185,4,23,11),(1565,'2015-09-03',185,5,23,11),(1566,'2015-09-03',185,6,23,11),(1567,'0000-00-00',185,7,23,11),(1568,'0000-00-00',185,8,23,11),(1569,'0000-00-00',185,9,23,11),(1570,'0000-00-00',185,10,23,11),(1571,'2015-09-03',186,1,23,11),(1572,'2015-09-03',186,2,23,11),(1573,'2015-09-03',186,3,23,11),(1574,'2015-09-03',186,4,23,11),(1575,'2015-09-03',186,5,23,11),(1576,'2015-09-03',186,6,23,11),(1577,'2015-09-03',186,7,23,11),(1578,'0000-00-00',186,8,23,11),(1579,'0000-00-00',186,9,23,11),(1580,'0000-00-00',186,10,23,11),(1581,'2015-09-03',187,1,23,11),(1582,'2015-09-03',187,2,23,11),(1583,'2015-09-03',187,3,23,11),(1584,'2015-09-03',187,4,23,11),(1585,'2015-09-03',187,5,23,11),(1586,'2015-09-03',187,6,23,11),(1587,'2015-09-03',187,7,23,11),(1588,'2015-09-03',187,8,23,11),(1589,'2015-09-03',187,9,23,11),(1590,'0000-00-00',187,10,23,11),(1591,'2015-09-03',188,1,23,11),(1592,'2015-09-03',188,2,23,11),(1593,'2015-09-03',188,3,23,11),(1594,'2015-09-03',188,4,23,11),(1595,'2015-09-03',188,5,23,11),(1596,'2015-09-03',188,6,23,11),(1597,'2015-09-03',188,7,23,11),(1598,'2015-09-03',188,8,23,11),(1599,'2015-09-03',188,9,23,11),(1600,'2015-09-03',188,10,23,11),(1601,'2015-09-03',189,1,23,11),(1602,'2015-09-03',189,2,23,11),(1603,'2015-09-03',189,3,23,11),(1604,'2015-09-03',189,4,23,11),(1605,'0000-00-00',189,5,23,11),(1606,'0000-00-00',189,6,23,11),(1607,'0000-00-00',189,7,23,11),(1608,'0000-00-00',189,8,23,11),(1609,'0000-00-00',189,9,23,11),(1610,'0000-00-00',189,10,23,11),(1611,'2015-09-03',190,1,23,11),(1612,'2015-09-03',190,2,23,11),(1613,'2015-09-03',190,3,23,11),(1614,'0000-00-00',190,4,23,11),(1615,'0000-00-00',190,5,23,11),(1616,'0000-00-00',190,6,23,11),(1617,'0000-00-00',190,7,23,11),(1618,'0000-00-00',190,8,23,11),(1619,'0000-00-00',190,9,23,11),(1620,'0000-00-00',190,10,23,11),(1621,'2015-09-03',191,1,23,11),(1622,'2015-09-03',191,2,23,11),(1623,'2015-09-03',191,3,23,11),(1624,'2015-09-03',191,4,23,11),(1625,'2015-09-03',191,5,23,11),(1626,'0000-00-00',191,6,23,11),(1627,'0000-00-00',191,7,23,11),(1628,'0000-00-00',191,8,23,11),(1629,'0000-00-00',191,9,23,11),(1630,'0000-00-00',191,10,23,11),(1631,'2015-09-03',192,1,23,11),(1632,'2015-09-03',192,2,23,11),(1633,'2015-09-03',192,3,23,11),(1634,'2015-09-03',192,4,23,11),(1635,'2015-09-03',192,5,23,11),(1636,'2015-09-03',192,6,23,11),(1637,'2015-09-03',192,7,23,11),(1638,'2015-09-03',192,8,23,11),(1639,'2015-09-03',192,9,23,11),(1640,'2015-09-03',192,10,23,11),(1641,'2015-09-03',193,1,23,11),(1642,'2015-09-03',193,2,23,11),(1643,'2015-09-03',193,3,23,11),(1644,'2015-09-03',193,4,23,11),(1645,'2015-09-03',193,5,23,11),(1646,'2015-09-03',193,6,23,11),(1647,'0000-00-00',193,7,23,11),(1648,'0000-00-00',193,8,23,11),(1649,'0000-00-00',193,9,23,11),(1650,'0000-00-00',193,10,23,11),(1651,'2015-09-03',194,1,23,11),(1652,'2015-09-03',194,2,23,11),(1653,'2015-09-03',194,3,23,11),(1654,'2015-09-03',194,4,23,11),(1655,'0000-00-00',194,5,23,11),(1656,'0000-00-00',194,6,23,11),(1657,'0000-00-00',194,7,23,11),(1658,'0000-00-00',194,8,23,11),(1659,'0000-00-00',194,9,23,11),(1660,'0000-00-00',194,10,23,11),(1661,'2015-09-03',195,1,23,11),(1662,'2015-09-03',195,2,23,11),(1663,'2015-09-03',195,3,23,11),(1664,'2015-09-03',195,4,23,11),(1665,'2015-09-03',195,5,23,11),(1666,'0000-00-00',195,6,23,11),(1667,'0000-00-00',195,7,23,11),(1668,'0000-00-00',195,8,23,11),(1669,'0000-00-00',195,9,23,11),(1670,'0000-00-00',195,10,23,11),(1671,'2015-09-03',196,1,23,11),(1672,'2015-09-03',196,2,23,11),(1673,'2015-09-03',196,3,23,11),(1674,'0000-00-00',196,4,23,11),(1675,'0000-00-00',196,5,23,11),(1676,'0000-00-00',196,6,23,11),(1677,'0000-00-00',196,7,23,11),(1678,'0000-00-00',196,8,23,11),(1679,'0000-00-00',196,9,23,11),(1680,'0000-00-00',196,10,23,11),(1681,'2015-09-03',197,1,23,16),(1682,'2015-09-03',197,2,23,16),(1683,'2015-09-03',197,3,23,16),(1684,'2015-09-03',197,4,23,16),(1685,'2015-09-03',197,5,23,16),(1686,'2015-09-03',197,6,23,16),(1687,'2015-09-03',197,7,23,16),(1688,'0000-00-00',197,8,23,16),(1689,'0000-00-00',197,9,23,16),(1690,'0000-00-00',197,10,23,16),(1691,'2015-09-03',198,1,23,16),(1692,'2015-09-03',198,2,23,16),(1693,'2015-09-03',198,3,23,16),(1694,'2015-09-03',198,4,23,16),(1695,'2015-09-03',198,5,23,16),(1696,'2015-09-03',198,6,23,16),(1697,'2015-09-03',198,7,23,16),(1698,'2015-09-03',198,8,23,16),(1699,'2015-09-03',198,9,23,16),(1700,'0000-00-00',198,10,23,16),(1701,'2015-09-03',199,1,23,16),(1702,'2015-09-03',199,2,23,16),(1703,'2015-09-03',199,3,23,16),(1704,'0000-00-00',199,4,23,16),(1705,'0000-00-00',199,5,23,16),(1706,'0000-00-00',199,6,23,16),(1707,'0000-00-00',199,7,23,16),(1708,'0000-00-00',199,8,23,16),(1709,'0000-00-00',199,9,23,16),(1710,'0000-00-00',199,10,23,16),(1711,'2015-09-03',200,1,23,16),(1712,'2015-09-03',200,2,23,16),(1713,'2015-09-03',200,3,23,16),(1714,'2015-09-03',200,4,23,16),(1715,'2015-09-03',200,5,23,16),(1716,'0000-00-00',200,6,23,16),(1717,'0000-00-00',200,7,23,16),(1718,'0000-00-00',200,8,23,16),(1719,'0000-00-00',200,9,23,16),(1720,'0000-00-00',200,10,23,16),(1721,'2015-09-03',201,1,23,16),(1722,'2015-09-03',201,2,23,16),(1723,'2015-09-03',201,3,23,16),(1724,'2015-09-03',201,4,23,16),(1725,'2015-09-03',201,5,23,16),(1726,'0000-00-00',201,6,23,16),(1727,'0000-00-00',201,7,23,16),(1728,'0000-00-00',201,8,23,16),(1729,'0000-00-00',201,9,23,16),(1730,'0000-00-00',201,10,23,16),(1731,'0000-00-00',202,1,23,16),(1732,'0000-00-00',202,2,23,16),(1733,'0000-00-00',202,3,23,16),(1734,'0000-00-00',202,4,23,16),(1735,'0000-00-00',202,5,23,16),(1736,'0000-00-00',202,6,23,16),(1737,'0000-00-00',202,7,23,16),(1738,'0000-00-00',202,8,23,16),(1739,'0000-00-00',202,9,23,16),(1740,'0000-00-00',202,10,23,16),(1741,'2015-09-03',203,1,23,16),(1742,'2015-09-03',203,2,23,16),(1743,'2015-09-03',203,3,23,16),(1744,'2015-09-03',203,4,23,16),(1745,'2015-09-03',203,5,23,16),(1746,'2015-09-03',203,6,23,16),(1747,'2015-09-03',203,7,23,16),(1748,'2015-09-03',203,8,23,16),(1749,'0000-00-00',203,9,23,16),(1750,'0000-00-00',203,10,23,16),(1751,'2015-09-03',204,1,23,16),(1752,'2015-09-03',204,2,23,16),(1753,'2015-09-03',204,3,23,16),(1754,'0000-00-00',204,4,23,16),(1755,'0000-00-00',204,5,23,16),(1756,'0000-00-00',204,6,23,16),(1757,'0000-00-00',204,7,23,16),(1758,'0000-00-00',204,8,23,16),(1759,'0000-00-00',204,9,23,16),(1760,'0000-00-00',204,10,23,16),(1761,'2015-09-03',205,1,23,16),(1762,'2015-09-03',205,2,23,16),(1763,'2015-09-03',205,3,23,16),(1764,'2015-09-03',205,4,23,16),(1765,'0000-00-00',205,5,23,16),(1766,'0000-00-00',205,6,23,16),(1767,'0000-00-00',205,7,23,16),(1768,'0000-00-00',205,8,23,16),(1769,'0000-00-00',205,9,23,16),(1770,'0000-00-00',205,10,23,16),(1771,'2015-09-03',206,1,23,16),(1772,'2015-09-03',206,2,23,16),(1773,'2015-09-03',206,3,23,16),(1774,'2015-09-03',206,4,23,16),(1775,'2015-09-03',206,5,23,16),(1776,'2015-09-03',206,6,23,16),(1777,'2015-09-03',206,7,23,16),(1778,'2015-09-03',206,8,23,16),(1779,'0000-00-00',206,9,23,16),(1780,'0000-00-00',206,10,23,16),(1781,'2015-09-03',207,1,23,16),(1782,'2015-09-03',207,2,23,16),(1783,'2015-09-03',207,3,23,16),(1784,'2015-09-03',207,4,23,16),(1785,'2015-09-03',207,5,23,16),(1786,'2015-09-03',207,6,23,16),(1787,'0000-00-00',207,7,23,16),(1788,'0000-00-00',207,8,23,16),(1789,'0000-00-00',207,9,23,16),(1790,'0000-00-00',207,10,23,16),(1791,'2015-09-03',208,1,23,16),(1792,'2015-09-03',208,2,23,16),(1793,'2015-09-03',208,3,23,16),(1794,'0000-00-00',208,4,23,16),(1795,'0000-00-00',208,5,23,16),(1796,'0000-00-00',208,6,23,16),(1797,'0000-00-00',208,7,23,16),(1798,'0000-00-00',208,8,23,16),(1799,'0000-00-00',208,9,23,16),(1800,'0000-00-00',208,10,23,16),(1801,'2015-09-03',209,1,1,8),(1802,'2015-09-03',209,2,1,8),(1803,'2015-09-03',209,3,1,8),(1804,'2015-09-03',209,4,1,8),(1805,'2015-09-03',209,5,1,8),(1806,'0000-00-00',209,6,1,8),(1807,'0000-00-00',209,7,1,8),(1808,'0000-00-00',209,8,1,8),(1809,'0000-00-00',209,9,1,8),(1810,'0000-00-00',209,10,1,8),(1811,'2015-09-03',210,1,1,8),(1812,'2015-09-03',210,2,1,8),(1813,'2015-09-03',210,3,1,8),(1814,'2015-09-03',210,4,1,8),(1815,'2015-09-09',210,5,1,8),(1816,'2015-09-09',210,6,1,8),(1817,'2015-09-29',210,7,1,8),(1818,'0000-00-00',210,8,1,8),(1819,'0000-00-00',210,9,1,8),(1820,'2015-09-29',210,10,1,8),(1821,'2015-09-03',211,1,1,8),(1822,'2015-09-03',211,2,1,8),(1823,'2015-09-03',211,3,1,8),(1824,'2015-09-03',211,4,1,8),(1825,'2015-09-03',211,5,1,8),(1826,'0000-00-00',211,6,1,8),(1827,'0000-00-00',211,7,1,8),(1828,'0000-00-00',211,8,1,8),(1829,'0000-00-00',211,9,1,8),(1830,'0000-00-00',211,10,1,8),(1861,'2015-09-10',216,1,23,6),(1862,'2015-09-10',216,2,23,6),(1863,'2015-09-10',216,3,23,6),(1864,'0000-00-00',216,4,23,6),(1865,'0000-00-00',216,5,23,6),(1866,'0000-00-00',216,6,23,6),(1867,'0000-00-00',216,7,23,6),(1868,'0000-00-00',216,8,23,6),(1869,'0000-00-00',216,9,23,6),(1870,'0000-00-00',216,10,23,6),(1941,'0000-00-00',224,1,23,11),(1942,'0000-00-00',224,2,23,11),(1943,'0000-00-00',224,3,23,11),(1944,'0000-00-00',224,4,23,11),(1945,'0000-00-00',224,5,23,11),(1946,'0000-00-00',224,6,23,11),(1947,'0000-00-00',224,7,23,11),(1948,'0000-00-00',224,8,23,11),(1949,'0000-00-00',224,9,23,11),(1950,'0000-00-00',224,10,23,11),(2091,'2015-10-01',239,1,23,6),(2092,'0000-00-00',239,2,23,6),(2093,'0000-00-00',239,3,23,6),(2094,'0000-00-00',239,4,23,6),(2095,'0000-00-00',239,5,23,6),(2096,'0000-00-00',239,6,23,6),(2097,'0000-00-00',239,7,23,6),(2098,'0000-00-00',239,8,23,6),(2099,'0000-00-00',239,9,23,6),(2100,'0000-00-00',239,10,23,6),(2131,'2015-10-02',243,1,1,1),(2132,'0000-00-00',243,2,1,1),(2133,'0000-00-00',243,3,1,1),(2134,'0000-00-00',243,4,1,1),(2135,'0000-00-00',243,5,1,1),(2136,'0000-00-00',243,6,1,1),(2137,'0000-00-00',243,7,1,1),(2138,'0000-00-00',243,8,1,1),(2139,'2015-10-02',243,9,1,1),(2140,'0000-00-00',243,10,1,1),(2141,'0000-00-00',244,1,1,1),(2142,'0000-00-00',244,2,1,1),(2143,'0000-00-00',244,3,1,1),(2144,'0000-00-00',244,4,1,1),(2145,'0000-00-00',244,5,1,1),(2146,'0000-00-00',244,6,1,1),(2147,'0000-00-00',244,7,1,1),(2148,'0000-00-00',244,8,1,1),(2149,'0000-00-00',244,9,1,1),(2150,'0000-00-00',244,10,1,1);
/*!40000 ALTER TABLE `kegiatan_imunisasi` ENABLE KEYS */;
UNLOCK TABLES;

--
-- Table structure for table `kelurahan`
--

DROP TABLE IF EXISTS `kelurahan`;
/*!40101 SET @saved_cs_client     = @@character_set_client */;
/*!40101 SET character_set_client = utf8 */;
CREATE TABLE `kelurahan` (
  `id_kelurahan` int(6) NOT NULL AUTO_INCREMENT,
  `nama_kelurahan` varchar(50) NOT NULL,
  `alamat_kelurahan` varchar(100) NOT NULL,
  PRIMARY KEY (`id_kelurahan`)
) ENGINE=InnoDB AUTO_INCREMENT=8 DEFAULT CHARSET=latin1;
/*!40101 SET character_set_client = @saved_cs_client */;

--
-- Dumping data for table `kelurahan`
--

LOCK TABLES `kelurahan` WRITE;
/*!40000 ALTER TABLE `kelurahan` DISABLE KEYS */;
INSERT INTO `kelurahan` VALUES (1,'Puuwatu','Jl.Prof M. Yamin'),(2,'Watulondo','Jl.Pattimura'),(3,'Punggolaka','Jl.R.Soeprapto'),(4,'Tobuuha','Jl.Wayong'),(5,'Lalodati','Jl.Dr.Sutomo'),(6,'Abeli Dalam','Jl.Saano Puuwatu');
/*!40000 ALTER TABLE `kelurahan` ENABLE KEYS */;
UNLOCK TABLES;

--
-- Table structure for table `posyandu`
--

DROP TABLE IF EXISTS `posyandu`;
/*!40101 SET @saved_cs_client     = @@character_set_client */;
/*!40101 SET character_set_client = utf8 */;
CREATE TABLE `posyandu` (
  `id_posyandu` int(6) NOT NULL AUTO_INCREMENT,
  `nama_posyandu` varchar(50) DEFAULT NULL,
  `alamat_posyandu` varchar(100) DEFAULT NULL,
  `id_user` int(6) DEFAULT NULL,
  `id_kelurahan` int(6) DEFAULT NULL,
  PRIMARY KEY (`id_posyandu`),
  KEY `id_user_idx` (`id_user`),
  KEY `id_kelurahan_idx` (`id_kelurahan`),
  CONSTRAINT `id_kelurahan` FOREIGN KEY (`id_kelurahan`) REFERENCES `kelurahan` (`id_kelurahan`) ON DELETE NO ACTION ON UPDATE NO ACTION,
  CONSTRAINT `id_user` FOREIGN KEY (`id_user`) REFERENCES `user` (`id_user`) ON DELETE NO ACTION ON UPDATE NO ACTION
) ENGINE=InnoDB AUTO_INCREMENT=22 DEFAULT CHARSET=latin1;
/*!40101 SET character_set_client = @saved_cs_client */;

--
-- Dumping data for table `posyandu`
--

LOCK TABLES `posyandu` WRITE;
/*!40000 ALTER TABLE `posyandu` DISABLE KEYS */;
INSERT INTO `posyandu` VALUES (1,'Dian Palupi','Jl.Teporumba',1,1),(2,'Membiri','Jl.Membiri',2,1),(3,'Sejahtera','Jl.Prof.M.Yamin',1,1),(4,'Tepule','Jl.Tepule',22,2),(5,'Sehati','Jl.Surapati',22,2),(6,'Anawai','Jl.Pattimura',23,2),(7,'Lalombaku','Jl.Lalonggida',1,2),(8,'Melati','Jl.Wayong',1,3),(9,'Pinang Permai','Jl.Prona',2,3),(10,'Mekar Jaya','Jl.R.Soeprapto',23,3),(11,'Waraswanawati','Jl.Pribumi',23,4),(12,'Mandarano','Jl.Banda',22,4),(13,'Medudulu','Jl.Ade Nasution',2,4),(14,'Ryan','Jl.Bukit Anugrah',2,5),(15,'Sinar Pagi','Jl.DR.Sutomo',22,5),(16,'Mdulu','Jl.Saano Puuwatu',23,6);
/*!40000 ALTER TABLE `posyandu` ENABLE KEYS */;
UNLOCK TABLES;

--
-- Table structure for table `user`
--

DROP TABLE IF EXISTS `user`;
/*!40101 SET @saved_cs_client     = @@character_set_client */;
/*!40101 SET character_set_client = utf8 */;
CREATE TABLE `user` (
  `id_user` int(6) NOT NULL AUTO_INCREMENT,
  `nama_petugas` varchar(50) NOT NULL,
  `username` varchar(20) NOT NULL,
  `password` varchar(100) NOT NULL,
  `status` varchar(20) NOT NULL,
  `keterangan` varchar(255) NOT NULL,
  PRIMARY KEY (`id_user`)
) ENGINE=InnoDB AUTO_INCREMENT=32 DEFAULT CHARSET=latin1;
/*!40101 SET character_set_client = @saved_cs_client */;

--
-- Dumping data for table `user`
--

LOCK TABLES `user` WRITE;
/*!40000 ALTER TABLE `user` DISABLE KEYS */;
INSERT INTO `user` VALUES (1,'Desriatin, SKM','desri','1231','','user 1'),(2,'Haris, SKM','haris','1232','','user 2'),(22,'Rahmi Asdayanti.S, S.Kep','rahmi','1233','','user 3'),(23,'Hasnawia, S.Kep','hasna','1234','','user 4');
/*!40000 ALTER TABLE `user` ENABLE KEYS */;
UNLOCK TABLES;

--
-- Table structure for table `user_posyandu`
--

DROP TABLE IF EXISTS `user_posyandu`;
/*!40101 SET @saved_cs_client     = @@character_set_client */;
/*!40101 SET character_set_client = utf8 */;
CREATE TABLE `user_posyandu` (
  `id_user_posyandu` int(11) NOT NULL AUTO_INCREMENT,
  `id_user` int(11) DEFAULT NULL,
  `id_posyandu` int(11) DEFAULT NULL,
  PRIMARY KEY (`id_user_posyandu`)
) ENGINE=InnoDB AUTO_INCREMENT=34 DEFAULT CHARSET=latin1;
/*!40101 SET character_set_client = @saved_cs_client */;

--
-- Dumping data for table `user_posyandu`
--

LOCK TABLES `user_posyandu` WRITE;
/*!40000 ALTER TABLE `user_posyandu` DISABLE KEYS */;
INSERT INTO `user_posyandu` VALUES (1,1,1),(2,1,3),(3,1,7),(9,1,8),(10,23,6),(13,2,2),(14,2,9),(15,2,13),(16,2,14),(17,22,4),(18,22,5),(19,22,12),(20,22,15),(21,23,10),(22,23,11),(23,23,16),(30,30,1),(31,30,20);
/*!40000 ALTER TABLE `user_posyandu` ENABLE KEYS */;
UNLOCK TABLES;

--
-- Table structure for table `vaksin`
--

DROP TABLE IF EXISTS `vaksin`;
/*!40101 SET @saved_cs_client     = @@character_set_client */;
/*!40101 SET character_set_client = utf8 */;
CREATE TABLE `vaksin` (
  `id_vaksin` int(6) NOT NULL AUTO_INCREMENT,
  `jenis_vaksin` varchar(50) NOT NULL,
  `ket_vaksin` varchar(255) NOT NULL,
  PRIMARY KEY (`id_vaksin`)
) ENGINE=InnoDB AUTO_INCREMENT=13 DEFAULT CHARSET=latin1;
/*!40101 SET character_set_client = @saved_cs_client */;

--
-- Dumping data for table `vaksin`
--

LOCK TABLES `vaksin` WRITE;
/*!40000 ALTER TABLE `vaksin` DISABLE KEYS */;
INSERT INTO `vaksin` VALUES (1,'HB0','Waktu tepat pemberian vaksin pada umur bayi 0 sampai 7 hari'),(2,'BCG','Waktu tepat pemberian vaksin pada umur bayi 0 sampai 1 bulan'),(3,'Polio1','Waktu tepat pemberian vaksin pada umur bayi 0 sampai 1 bulan'),(4,'HB1/DPT','Waktu tepat pemberian vaksin pada umur bayi 2 bulan'),(5,'Polio2','Waktu tepat pemberian vaksin pada umur bayi 2 bulan'),(6,'HB2/DPT','Waktu tepat pemberian vaksin pada umur bayi 3 bulan'),(7,'Polio3','Waktu tepat pemberian vaksin pada umur bayi 3 bulan'),(8,'HB3/DPT','Waktu tepat pemberian vaksin pada umur bayi 4 bulan'),(9,'Polio4','Waktu tepat pemberian vaksin pada umur bayi 4 bulan'),(10,'Campak','Waktu tepat pemberian vaksin pada umur bayi 9 bulan');
/*!40000 ALTER TABLE `vaksin` ENABLE KEYS */;
UNLOCK TABLES;
/*!40103 SET TIME_ZONE=@OLD_TIME_ZONE */;

/*!40101 SET SQL_MODE=@OLD_SQL_MODE */;
/*!40014 SET FOREIGN_KEY_CHECKS=@OLD_FOREIGN_KEY_CHECKS */;
/*!40014 SET UNIQUE_CHECKS=@OLD_UNIQUE_CHECKS */;
/*!40101 SET CHARACTER_SET_CLIENT=@OLD_CHARACTER_SET_CLIENT */;
/*!40101 SET CHARACTER_SET_RESULTS=@OLD_CHARACTER_SET_RESULTS */;
/*!40101 SET COLLATION_CONNECTION=@OLD_COLLATION_CONNECTION */;
/*!40111 SET SQL_NOTES=@OLD_SQL_NOTES */;

-- Dump completed on 2015-10-06 14:48:50
